Hanzi|Pinyin|English|Example|Spoonfed
æ³¡|pÃ o|"<i style=""color: #9F8170;"">n.</i> bubble<br>sth. shaped like a bubble<br><i style=""color: #9F8170;"" >v.</i> steep; soak<br>pour boiling water into (tea, instant soup, etc.)<br>dawdle; dally; hang about<br>colloquial (of a male) play the field; fool around with a female<br>"|<details><summary><big>å†’æ³¡å…’</big></summary><small>mÃ opÃ or<br></small>bubble; bubble up<br></details><br><br><details><summary><big>è‚¥çš‚æ³¡å…’</big></summary><small>fÃ©izÃ opÃ or<br></small>soap bubbles<br></details><br><br><details><summary><big>æ‰‹ä¸Šèµ·äº†æ³¡</big></summary><small>shÇ’ushang qÇ le pÃ o<br></small>get (or raise) blisters on oneâ€™s palm <br></details><br><br><details><summary><big>æ³¡è…³</big></summary><small>pÃ ojiÇo<br></small>soak oneâ€™s feet in water<br></details><br><br><details><summary><big>æŠŠç¨®å­æ”¾åœ¨æº«æ°´è£¡æ³¡ä¸€ä¸‹</big></summary><small>bÇ zhÇ’ngzi fÃ ng zÃ i wÄ“nshuÇ lÇ pÃ o yÄ«xiÃ <br></small>steep the seeds in lukewarm water<br></details><br><br><details><summary><big>æ³¡æ–¹ä¾¿éºµ</big></summary><small>pÃ o fÄngbiÃ nmiÃ n<br></small>make instant noodles<br></details><br><br><details><summary><big>åˆ¥æ³¡æ™‚é–“äº†, å¿«æŠŠå·¥ä½œåšå®Œï¼</big></summary><small>BiÃ© pÃ o shÃ­jiÄn le, kuÃ i bÇ gÅngzuÃ² zuÃ² wÃ¡n!<br></small>Stop dawdling and finish your work!<br></details><br><br><details><summary><big>æƒ³æ³¡æˆ‘å¦¹å¦¹, åšå¤¢ï¼</big></summary><small>xiÇng pÃ o wÇ’ mÃ¨imei, zuÃ²mÃ¨ng!<br></small>How dare you dream of fooling around with my sister!<br></details><br><br>|<details><summary><big>è¿™åªç¯æ³¡æ˜¯å‡ ç“¦çš„ï¼Ÿ</big></summary><small>ZhÃ¨ zhÄ« dÄ“ngpÃ o shÃ¬ jÇ wÇ de?<br></small>How many watts is this electric bulb?<br></details>[sound:tmpvbhsrq.mp3]<br><br><details><summary><big>æˆ‘å¾ˆå–œæ¬¢æ³¡æ¸©æ³‰ã€‚</big></summary><small>WÇ’ hÄ›n xÇhuan pÃ o wÄ“nquÃ¡n.<br></small>I love going to hot spring baths.<br></details>[sound:tmp79bo1b.mp3]<br><br><details><summary><big>ä»–æ˜¨å¤©åƒå››å·æ³¡èœäº†ã€‚</big></summary><small>TÄ zuÃ³tiÄn chÄ« SÃ¬chuÄn pÃ ocÃ i le.<br></small>He ate Sichuan pickled vegetables yesterday.<br></details>[sound:G024-05.mp3]
ç‚®|pÃ o|"<i style=""color: #9F8170;"">n.</i> big gun; cannon; artillery piece<br>firecracker<br>blasthole filled with dynamite<br>chess cannon, one of the pieces in Chinese chess<br>"|<details><summary><big>é­ç‚®</big></summary><small>biÄnpÃ o<br></small>firecracker string<br></details><br><br><details><summary><big>æ”¾ç‚®</big></summary><small>fÃ ngpÃ o<br></small>set off a blast<br></details><br><br>|<details><summary><big>æ–°æ˜¥åˆ°äº†ï¼Œå®¶å®¶æˆ·æˆ·æ”¾é­ç‚®ã€‚</big></summary><small>XÄ«nchÅ«n dÃ o le, jiÄjiÄ hÃ¹hÃ¹ fÃ ng biÄnpÃ o.<br></small>Lunar New Year has arrived. Each and every family sets off firecrackers.<br></details>[sound:tmpskyhw8.mp3]<br><br><details><summary><big>ä¸­å›½è¿‡æ˜¥èŠ‚è¦æ”¾é­ç‚®ã€‚</big></summary><small>ZhÅngguÃ³ guÃ² chÅ«njiÃ© yÃ o fÃ ng biÄnpÃ o.<br></small>Firecrackers are set off during Spring Festival in China.<br></details>[sound:tmpsiml8h.mp3]<br><br><details><summary><big>æ–°æ˜¥æœŸé—´ï¼Œä¸­å›½äººéƒ½ä¼šæ”¾é­ç‚®ã€‚</big></summary><small>XÄ«nchÅ«n qÄ«jiÄn, ZhÅngguÃ³ rÃ©n dÅu huÃ¬ fÃ ng biÄnpÃ o.<br></small>All Chinese set off firecrackers during the Spring Festival.<br></details>[sound:tmplwixpj.mp3]
è“|luÇ’|"<i style=""color: #9F8170;"">n.</i> literary archaic melon"||
å›‰|luÃ³|meaningless bound form ||
å„¸|luÃ³|smart<br>clever<br>||
ç¤®|pÃ o|"<i style=""color: #9F8170;"">n.</i> big gun; cannon; artillery piece<br>firecracker<br>blasthole filled with dynamite<br>chess cannon, one of the pieces in Chinese chess<br>"|<details><summary><big>é­ç‚®</big></summary><small>biÄnpÃ o<br></small>firecracker string<br></details><br><br><details><summary><big>æ”¾ç‚®</big></summary><small>fÃ ngpÃ o<br></small>set off a blast<br></details><br><br>|
éº­|pÃ o|pastry<br>cake<br>||
æ³¡èŒ¶|pÃ o//chÃ¡|"<i style=""color: #9F8170;"" >v.</i> make tea"|<details><summary><big>æˆ‘çµ¦ä½ æ³¡ä¸€æ¯èŒ¶ã€‚</big></summary><small>wÇ’ gÄ›i nÇ pÃ o yÄ« bÄ“i chÃ¡.<br></small>Iâ€™ll make you a cup of tea.<br></details><br>|
å±°|nÃ¬|disobedient||
é¬¥|dÃ²u|"<i style=""color: #9F8170;"" >v.</i> fight; tussle<br>struggle against; denounce<br>contest with; contend with<br>make animals or insects fight (as a game)<br>fit together<br>î«‘î«š20265472î«˜é€—î«™dou4î«é€—1î«’<br><i style=""color: #9F8170;"" >v.</i><br>play with; tease<br>provoke (laughter, etc.); amuse <br><i style=""color: #9F8170;"">SV</i> dialect funny<br>"|<details><summary><big>æ‹³é¬¥</big></summary><small>quÃ¡n dÃ²u<br></small>fist fight; fisticuffs<br></details><br><br><details><summary><big>å¾ˆå°‘äººé¬¥å¾—éä»–ã€‚</big></summary><small>HÄ›n shÇo rÃ©n dÃ²u dÃ© guÃ² tÄ.<br></small>Few people can get the better of him.<br><i>or </i> Few are a match for him.<br></details><br><br><details><summary><big>ç‹ç‹¸å†ç‹¡çŒ¾ä¹Ÿé¬¥ä¸éå¥½çµæ‰‹ã€‚</big></summary><small>HÃºli zÃ i jiÇohuÃ¡ yÄ› dÃ²u bÃ¹ guÃ² hÇo liÃ¨shÇ’u.<br></small>The craftiest fox canâ€™t escape the skilled hunter.<br></details><br><br><details><summary><big>é¬¥è›è›</big></summary><small>DÃ²u qÅ« qÅ«<br></small>hold a cricket fight<br></details><br><br><details><summary><big>é¬¥æ¦«</big></summary><small>dÃ²u sÇ”n<br></small>fit the tenon into the mortise; dovetail<br></details><br><br><details><summary><big>å¤§å®¶é¬¥ä¸€é¬¥æƒ…æ³ã€‚</big></summary><small>DÃ jiÄ dÃ²u yÄ« dÃ²u qÃ­ngkuÃ ng.<br></small>Letâ€™s pool our information and size up the situation.<br><i>or </i> Letâ€™s compare notes. VARIANT OF<br></details><br><br>|
åŠ|jÃ­|"<i style=""color: #9F8170;"" >v.</i> reach; come up to<br>be in time for<br>match; rival<br>think of by analogy; take into account; give consideration<br>"|<details><summary><big>ç›®åŠ›æ‰€åŠ</big></summary><small>mÃ¹lÃ¬suÇ’jÃ­<br></small>as far as the eye can see<br></details><br><br><details><summary><big>æ°´æ·±åŠè…°ã€‚</big></summary><small>ShuÇshÄ“njÃ­yÄo.<br></small>The water came up to oneâ€™s waist (or was waist-deep).<br></details><br><br><details><summary><big>é ä¸åŠ</big></summary><small>YuÇn bÃ¹ jÃ­<br></small>be no match for; be far inferior to<br></details><br><br><details><summary><big>æ¨å·±åŠäºº</big></summary><small>tuÄ«jÇ-jÃ­rÃ©n<br></small>treat other people as you would like to be treated yourself ; be anderate conjunction and; as well as<br></details><br><br><details><summary><big>åœ–æ›¸, å„€å™¨åŠå…¶ä»–</big></summary><small>tÃºshÅ«, yÃ­qÃ¬ jÃ­ qÃ­tÄ<br></small>books, instruments and other things<br></details><br><br><details><summary><big>ç‹æ°å¤«å©¦åŠ(å…¶)å­å¥³</big></summary><small>wÃ¡ng shÃ¬ fÅ«fÃ¹ jÃ­ zÇnÇš<br></small>the Wangs and their children<br></details><br><br><details><summary><big>å¥å­çš„ä¸»è¦æˆåˆ†åŠå…¶èªæ³•åŠŸèƒ½</big></summary><small>JÃ¹zi de zhÇ”yÃ o chÃ©ngfen jÃ­qÃ­ yÇ”fÇ gÅngnÃ©ng<br></small>major sentence elements and their grammatical functions<br></details><br><br>|<details><summary><big>æˆ‘ç­‰ä¸åŠæƒ³è¦å’Œæˆ‘çˆ¸çˆ¸å»ç‹©çŒã€‚</big></summary><small>wÇ’ dÄ›ngbujÃ­ xiÇng yÃ o hÃ© wÇ’ bÃ ba qÃ¹ shÃ²uliÃ¨.<br></small>I'm looking forward to going hunting with my dad.<br></details>[sound:334871.mp3]<br><br><details><summary><big>è¿™ä»¶æ¡ˆå­æ¶‰åŠåˆ°éƒ¨é•¿ã€‚</big></summary><small>ZhÃ¨jiÃ n Ã nzi shÃ¨jÃ­ dÃ o bÃ¹zhÇng.<br></small>The Minister is involved in this case.<br></details>[sound:tmpcttpkk.mp3]<br><br><details><summary><big>é‚£ä¸ªæŠ¥å¯¼æåŠæœ€æ•æ„Ÿçš„è¯é¢˜ã€‚</big></summary><small>NÃ ge bÃ odÇo tÃ­jÃ­ zuÃ¬ mÇngÇn de huÃ tÃ­.<br></small>That report mentioned the most sensitive topic.<br></details>[sound:tmp6rvh1d.mp3]
å®˜|guÄn|"<i style=""color: #9F8170;"">n.</i> government official; officer; office-bearer<br>(GuÄn)<br>a surname <br><i style=""color: #9F8170;"">SV</i> governmental; official<br>dated public<br><i style=""color: #9F8170;"">n.</i><br>organ<br>"|<details><summary><big>é«˜å®˜</big></summary><small>gÄoguÄn<br></small>high official<br></details><br><br><details><summary><big>å®˜ç‡Ÿ</big></summary><small>guÄn yÃ­ng<br></small>run by the government<br></details><br><br><details><summary><big>å®˜é“</big></summary><small>guÄndÃ o<br></small>public road <br></details><br><br><details><summary><big>æ„Ÿå®˜</big></summary><small>gÇnguÄn<br></small>sense organ<br></details><br><br>|<details><summary><big>é‚£ä¸ªå®˜å‘˜æ”¶äº†è´¿èµ‚ã€‚</big></summary><small>NÃ ge guÄnyuÃ¡n shÅu le huÃ¬lÃ¹.<br></small>That official accepted bribes.<br></details>[sound:tmpvbsjvp.mp3]<br><br><details><summary><big>æ³•å®˜èµ¦å…äº†ä»–ã€‚</big></summary><small>FÇguÄn shÃ¨miÇnle tÄ.<br></small>The judge has pardoned him.<br></details>[sound:tmpnzrl84.mp3]<br><br><details><summary><big>é‚£ä¸ªå®˜å‘˜å¾ˆä¼šå¤„ç†ç»æµçš„é—®é¢˜ã€‚</big></summary><small>NÃ ge guÄnyuÃ¡n hÄ›n huÃ¬ chÇ”lÇ jÄ«ngjÃ¬ de wÃ¨ntÃ­.<br></small>That official is very capable at dealing with financial issues.<br></details>[sound:tmprxywmy.mp3]
å¦³|nÇ|||
è®šç¾|zÃ nmÄ›i|to admire<br>to praise<br>to eulogize<br>||
ä»£|dÃ i|"<i style=""color: #9F8170;"" >v.</i> take the place of; be in place of<br><i style=""color: #9F8170;"">SV</i> acting; substitute<br><i style=""color: #9F8170;"">n.</i> historical period<br>geology era<br>generation<br>"|<details><summary><big>ä¸»ä»»ä¸åœ¨æ™‚ç”±è€ç‹âˆ¼ã€‚</big></summary><small>ZhÇ”rÃ¨n bÃ¹ zÃ i shÃ­ yÃ³u lÇo wÃ¡ng<br></small>âˆ¼. Lao Wang acts for the director during his absence.<br></details><br><br><details><summary><big>è«‹âˆ¼æˆ‘å‘ä»–è‡´æ„ã€‚</big></summary><small>QÇng âˆ¼ wÇ’ xiÃ ng tÄ zhÃ¬yÃ¬.<br></small>Please give him my regards. <br></details><br><br><details><summary><big>âˆ¼éƒ¨é•·</big></summary><small>âˆ¼ bÃ¹zhÇng<br></small>acting minister <br></details><br><br><details><summary><big>æ¼¢âˆ¼</big></summary><small>HÃ nâˆ¼<br></small>the Han Dynasty<br></details><br><br><details><summary><big>å¤ç”Ÿâˆ¼</big></summary><small>GÇ”shÄ“ngâˆ¼<br></small>Palaeozoic Era<br></details><br><br><details><summary><big>âˆ¼ç›¸å‚³</big></summary><small>âˆ¼xiÄngchuÃ¡n<br></small>pass on (or hand down) from generation to generation<br></details><br><br><details><summary><big>ä¸€âˆ¼æ–°äººåœ¨æˆé•·ã€‚</big></summary><small>YÄ« âˆ¼ xÄ«nrÃ©n zÃ i chÃ©ngzhÇng.<br></small>A new generation is growing up.<br></details><br><br>|<details><summary><big>æœ‰æ—¶å€™ï¼Œé»„è‰²ä»£è¡¨è‰²æƒ…ã€‚</big></summary><small>YÇ’ushÃ­hou, huÃ¡ngsÃ¨ dÃ ibiÇo sÃ¨qÃ­ng.<br></small>Sometimes, the color yellow represents pornography.<br></details>[sound:tmpuqpben.mp3]<br><br><details><summary><big>å¤ä»£çš„çš‡å¸æ›¾ç»ä½åœ¨è¿™é‡Œã€‚</big></summary><small>GÇ”dÃ i de huÃ¡ngdÃ¬ cÃ©ngjÄ«ng zhÃ¹ zÃ i zhÃ¨lÇ.<br></small>The ancient emperors lived here.<br></details>[sound:tmpsw38jc.mp3]<br><br><details><summary><big>ç”¨ä»€ä¹ˆä»£æ›¿èƒ½æºï¼Ÿ</big></summary><small>YÃ²ng shÃ©nme dÃ itÃ¬ nÃ©ngyuÃ¡n?<br></small>What can be used to replace energy sources?<br></details>[sound:tmpzujd0g.mp3]
è‡¥æˆ¿|wÃ²fÃ¡ng|"<i style=""color: #9F8170;"">n.</i> bedroom"||
ååˆ‡|fÇnqiÃ¨|"<i style=""color: #9F8170;"">n.</i> linguistics traditional method of indicating the pronunciation of a character by taking two other characters, one with the same initial and the other with the same final as the character in question (e.g., the pronunciation of<br>å¾’ç´…åˆ‡<br>or<br>å¾’ç´…å,<br> that is,<br>engineering tangential<br>"|<details><summary><big>åŒ</big></summary><small>tÃ³ng<br></small>is indicated as<br></details><br><br><details><summary><big>å¾’</big></summary><small>t(Ãº)<br></small>ï¼‹<br></details><br><br><details><summary><big>ç´…</big></summary><small>(h)Ã³ng,<br></small>taking the initial of the first character and the final of the second)<br></details><br><br>|
å››è²|sÃ¬shÄ“ng|"<i style=""color: #9F8170;"">n.</i> four tones of classical Chinese character pronunciation (i.e.<br>å¹³è², ä¸Šè²,<br><br>å»è²,<br> and<br>å…¥è²)<br>four tones of modern standard Chinese pronunciation (i.e. level tone<br>é™°å¹³<br>â€œ-â€, rising tone<br>é™½å¹³<br>â€œÂ´â€, falling rising tone<br>ä¸Šè²<br>â€œË‡â€, and falling tone<br>å»è²<br>â€œ`â€)<br>tone of a Chinese character<br>"||
éƒ¨é¦–|bÃ¹shÇ’u|"<i style=""color: #9F8170;"">n.</i> linguistics indexing component (by which characters are arranged in traditional Chinese dictionaries)"||
é†¬æ²¹|jiÃ ngyÃ³u|"<i style=""color: #9F8170;"">n.</i> soy sauce; soy"||
é†‹|cÃ¹|"<i style=""color: #9F8170;"">n.</i> vinegar<br>figurative jealousy (as in a love affair)<br>"|<details><summary><big>åƒé†‹</big></summary><small>chÄ«cÃ¹<br></small>be jealous (esp. of a rival in love)<br></details><br>|<details><summary><big>è¿™æ˜¯ç³–é†‹æ’éª¨ã€‚</big></summary><small>ZhÃ¨ shÃ¬ tÃ¡ngcÃ¹ pÃ¡igÇ”.<br></small>This is sweet and sour spareribs.<br></details>[sound:tmpilorld.mp3]<br><br><details><summary><big>ç½—å…ˆç”Ÿæ›´å–œæ¬¢åƒé†‹æºœç™½èœã€‚</big></summary><small>LuÃ³ xiÄnsheng gÃ¨ng xÇhuan chÄ« cÃ¹liÃ¹ bÃ¡icÃ i.<br></small>Mr. Luo prefers to eat sour pork and cabbage.<br></details>[sound:R088-03.mp3]
éº»é†¬ä¹¾éºµ|mÃ¡jiÃ ng|sesame paste dry noodles||
ç¢ºå®š|quÃ¨dÃ¬ng|"<i style=""color: #9F8170;"" >v.</i> define; fix; determine<br><i style=""color: #9F8170;"">SV</i> definite<br>"|<details><summary><big>ç¢ºå®šä»»å‹™</big></summary><small>quÃ¨dÃ¬ng rÃ¨nwu<br></small>set the tasks<br></details><br><br><details><summary><big>ç¢ºå®šæ™‚é™</big></summary><small>quÃ¨dÃ¬ng shÃ­xiÃ n<br></small>fix a time frame<br></details><br><br><details><summary><big>ç¢ºå®šæœƒè­°å®—æ—¨</big></summary><small>quÃ¨dÃ¬ng huÃ¬yÃ¬ zÅngzhÇ<br></small>define the aims of the conference<br></details><br><br><details><summary><big>ç¢ºå®šé ˜æµ·å¯¬åº¦</big></summary><small>quÃ¨dÃ¬ng lÇnghÇi kuÄndÃ¹<br></small>delimit the extent of territorial waters<br></details><br><br><details><summary><big>ç¢ºå®šä½œæˆ°æ–¹æ¡ˆ</big></summary><small>quÃ¨dÃ¬ng zuÃ²zhÃ n fÄng'Ã n<br></small>decide on a battle plan<br></details><br><br><details><summary><big>ç¢ºå®šåœ°å±¤çš„å¹´ä»£</big></summary><small>quÃ¨dÃ¬ng dÃ¬cÃ©ng de niÃ¡ndÃ i<br></small>ascertain the ages of the strata<br></details><br><br><details><summary><big>ç¢ºå®šå€™é¸äººåå–®</big></summary><small>quÃ¨dÃ¬ng hÃ²uxuÇnrÃ©n mÃ­ngdÄn<br></small>decide on the list of candidates<br></details><br><br><details><summary><big>ç¢ºå®šé–‹æœƒçš„æ—¥æœŸå’Œåœ°é»</big></summary><small>quÃ¨dÃ¬ng kÄihuÃ¬ de rÃ¬qÄ« hÃ© dÃ¬diÇn<br></small>determine (or fix) the time and place for a meeting<br></details><br><br><details><summary><big>ä»–å€‘å·²ç¶“ç¢ºå®šé—œä¿‚äº†ã€‚</big></summary><small>TÄmen yÇjing quÃ¨dÃ¬ng guÄnxi le.<br></small>Theyâ€™ve agreed to marry. <br></details><br><br><details><summary><big>ç¢ºå®šçš„ç­”å¾©</big></summary><small>QuÃ¨dÃ¬ng de dÃ¡fÃ¹<br></small>a definite reply<br></details><br><br><details><summary><big>ç¢ºå®šçš„æ™‚é–“</big></summary><small>quÃ¨dÃ¬ng de shÃ­jiÄn<br></small>a fixed time<br></details><br><br><details><summary><big>ç¢ºå®šä¸ç§»çš„çµè«–</big></summary><small>quÃ¨dÃ¬ng bÃ¹ yÃ­ de jiÃ©lÃ¹n<br></small>an incontestable conclusion<br></details><br><br>|
å°å°¼|YÃ¬nnÃ­|Indonesia (abbr. for<br>îª¸å°åº¦å°¼è¥¿äºîª»)<br>||
å“‡|wÄ|"<div style=""color: #9F8170;"">onomatopoeia</div> sound of crying or vomiting"|<details><summary><big>å“‡çš„ä¸€è²å“­äº†èµ·ä¾†</big></summary><small>WÄ de yÄ« shÄ“ng kÅ« le qÇlai<br></small>burst out crying<br></details><br>|<details><summary><big>å“‡ï¼Œå¥½ææ€–å‘€ï¼</big></summary><small>WÄ, hÇo kÇ’ngbÃ¹ ya!<br></small>Wow, how horrible!<br></details>[sound:tmp_xalpo.mp3]
ç¢ºå®š|quÃ¨dÃ¬ng|"<i style=""color: #9F8170;"" >v.</i> define; fix; determine<br><i style=""color: #9F8170;"">SV</i> definite<br>"|<details><summary><big>ç¢ºå®šä»»å‹™</big></summary><small>quÃ¨dÃ¬ng rÃ¨nwu<br></small>set the tasks<br></details><br><br><details><summary><big>ç¢ºå®šæ™‚é™</big></summary><small>quÃ¨dÃ¬ng shÃ­xiÃ n<br></small>fix a time frame<br></details><br><br><details><summary><big>ç¢ºå®šæœƒè­°å®—æ—¨</big></summary><small>quÃ¨dÃ¬ng huÃ¬yÃ¬ zÅngzhÇ<br></small>define the aims of the conference<br></details><br><br><details><summary><big>ç¢ºå®šé ˜æµ·å¯¬åº¦</big></summary><small>quÃ¨dÃ¬ng lÇnghÇi kuÄndÃ¹<br></small>delimit the extent of territorial waters<br></details><br><br><details><summary><big>ç¢ºå®šä½œæˆ°æ–¹æ¡ˆ</big></summary><small>quÃ¨dÃ¬ng zuÃ²zhÃ n fÄng'Ã n<br></small>decide on a battle plan<br></details><br><br><details><summary><big>ç¢ºå®šåœ°å±¤çš„å¹´ä»£</big></summary><small>quÃ¨dÃ¬ng dÃ¬cÃ©ng de niÃ¡ndÃ i<br></small>ascertain the ages of the strata<br></details><br><br><details><summary><big>ç¢ºå®šå€™é¸äººåå–®</big></summary><small>quÃ¨dÃ¬ng hÃ²uxuÇnrÃ©n mÃ­ngdÄn<br></small>decide on the list of candidates<br></details><br><br><details><summary><big>ç¢ºå®šé–‹æœƒçš„æ—¥æœŸå’Œåœ°é»</big></summary><small>quÃ¨dÃ¬ng kÄihuÃ¬ de rÃ¬qÄ« hÃ© dÃ¬diÇn<br></small>determine (or fix) the time and place for a meeting<br></details><br><br><details><summary><big>ä»–å€‘å·²ç¶“ç¢ºå®šé—œä¿‚äº†ã€‚</big></summary><small>TÄmen yÇjing quÃ¨dÃ¬ng guÄnxi le.<br></small>Theyâ€™ve agreed to marry. <br></details><br><br><details><summary><big>ç¢ºå®šçš„ç­”å¾©</big></summary><small>QuÃ¨dÃ¬ng de dÃ¡fÃ¹<br></small>a definite reply<br></details><br><br><details><summary><big>ç¢ºå®šçš„æ™‚é–“</big></summary><small>quÃ¨dÃ¬ng de shÃ­jiÄn<br></small>a fixed time<br></details><br><br><details><summary><big>ç¢ºå®šä¸ç§»çš„çµè«–</big></summary><small>quÃ¨dÃ¬ng bÃ¹ yÃ­ de jiÃ©lÃ¹n<br></small>an incontestable conclusion<br></details><br><br>|
æ˜ŸæœŸ|xÄ«ngqÄ«|"<i style=""color: #9F8170;"">n.</i> week<br>[before<br>æ—¥, ä¸€, äºŒ, ä¸‰, å››, äº”, å…­, å¹¾]<br>day of the week<br>abbreviation Sunday (Sun.)<br>"|<details><summary><big>ä¸‰å€‹æ˜ŸæœŸ</big></summary><small>SÄn ge xÄ«ngqÄ«<br></small>three weeks<br></details><br><br><details><summary><big>ä»Šå¤©æ˜ŸæœŸå¹¾ï¼Ÿ</big></summary><small>JÄ«ntiÄn xÄ«ngqÄ« jÇï¼Ÿ<br></small>What day (of the week) is it today?<br></details><br><br>|<details><summary><big>æˆ‘å¼Ÿå¼Ÿä¸Šä¸ªæ˜ŸæœŸé€šè¿‡äº†å¤§å­¦çš„å…¥å­¦è€ƒè¯•ã€‚</big></summary><small>WÇ’ dÃ¬di shÃ nÉ¡ É¡Ã¨ xÄ«ngqÄ« tÅngguÃ² le dÃ xuÃ© de rÃ¹xuÃ© kÇoshÃ¬.<br></small>My little brother passed his university entrance exam last week.<br></details>[sound:G042-03.mp3]<br><br><details><summary><big>æœ±å°å§æ˜ŸæœŸäºŒæ²¡æœ‰è¯¾ã€‚</big></summary><small>ZhÅ« xiÇojiÄ› xÄ«ngqÄ«'Ã¨r mÃ©i yÇ’u kÃ¨.<br></small>Ms. Zhu doesn't have class on Tuesday.<br></details>[sound:G043-03.mp3]<br><br><details><summary><big>ä»–æ˜ŸæœŸå¤©å»æ•™å ‚ã€‚</big></summary><small>TÄ xÄ«ngqÄ« tiÄn qÃ¹ jiÃ otÃ¡ng.<br></small>He goes to church on Sundays.<br></details>[sound:tmpteqlab.mp3]
è¨Šæ¯|xÃ¹nxÄ«|text message or SMS||
ç›¾|dÃ¹n|"<i style=""color: #9F8170;"">n.</i> shield; buckler<br>shield-shaped object<br><i style=""color: #9F8170;"">n.</i><br>money unit of Vietnam (dong), Indonesia (rupiah), etc.<br>money unit of the Netherlands (guilder), before it was replaced by the Euro on<br>January<br>"|<details><summary><big>äººç›¾</big></summary><small>rÃ©ndÃ¹n<br></small>human shield<br></details><br><br><details><summary><big>é‡‘ç›¾</big></summary><small>jÄ«ndÃ¹n<br></small>gold shield<br></details><br><br><details><summary><big>éŠ€ç›¾</big></summary><small>yÃ­ndÃ¹n<br></small>silver shield <br></details><br><br>|<details><summary><big>ä»–çš„è¯´æ³•ä¹‹é—´å¾ˆçŸ›ç›¾ã€‚</big></summary><small>TÄ de shuÅfÇ zhÄ«jiÄn hÄ›n mÃ¡odÃ¹n.<div>(also hen you maodun) (also no zhijian) (zhong1 is wrong)</div><br></small>There is contradiction between his wording.<br></details>[sound:tmpwuf7km.mp3]<br><br><details><summary><big>å¥½æœ‹å‹æœ‰æ—¶ä¹Ÿä¼šæœ‰çŸ›ç›¾ã€‚</big></summary><small>HÇo pÃ©ngyou yÇ’u shÃ­ yÄ› huÃ¬ yÇ’u mÃ¡odÃ¹n.<br></small>There will sometimes be contradictions even between good friends.<br></details>[sound:tmpci250d.mp3]<br><br><details><summary><big>è­¦å¯Ÿä¸¾èµ·äº†ç›¾ç‰Œã€‚</big></summary><small>JÇngchÃ¡ jÇ”qÇle dÃ¹npÃ¡i.<br></small>The policeman raised his shield.<br></details>[sound:tmp1w06or.mp3]
æ°¸é |yÇ’ngyuÇn|"<i style=""color: #9F8170;"">adv.</i> always; forever; ever"|<details><summary><big>æ°¸é è¨˜ä½æˆ‘çš„å‹¸å‘Šã€‚</big></summary><small>YÇ’ngyuÇn jÃ¬zhu wÇ’ de quÃ ngÃ o.<br></small>Always remember my advice.<br></details><br><br><details><summary><big>æˆ‘æ°¸é ä¸å†å»äº†ã€‚</big></summary><small>WÇ’ yÇ’ngyuÇn bÃ¹ zÃ i qÃ¹ le.<br></small>Iâ€™ll never go there again.<br></details><br><br><details><summary><big>æˆ‘ä¸æƒ³æ°¸é ä½åœ¨é€™å…’ã€‚</big></summary><small>WÇ’ bÃ¹ xiÇng yÇ’ngyuÇn zhÃ¹ zÃ i zhÃ¨r.<br></small>I donâ€™t plan to live here forever.<br></details><br><br>|
æ˜ç™½|mÃ­ngbai|"<i style=""color: #9F8170;"" >v.</i> understand; realize; know<br><i style=""color: #9F8170;"">SV</i> clear; obvious; plain<br>open; unequivocal; explicit; frank<br>sensible; reasonable<br>"|<details><summary><big>æ˜ç™½äº‹ç†</big></summary><small>mÃ­ngbai shÃ¬lÇ<br></small>know whatâ€™s what; have good sense<br></details><br><br><details><summary><big>æˆ‘å¿½ç„¶æ˜ç™½äº†ã€‚</big></summary><small>WÇ’ hÅ«rÃ¡n mÃ­ngbai le.<br></small>The truth suddenly dawned on me.<br></details><br><br><details><summary><big>æˆ‘ä¸æ˜ç™½ä½ çš„æ„æ€ã€‚</big></summary><small>WÇ’ bÃ¹ mÃ­ngbai nÇ de yÃ¬si.<br></small>I donâ€™t see what you mean. <br></details><br><br><details><summary><big>ä»–è¬›å¾—æ˜ç™½æ˜“æ‡‚ã€‚</big></summary><small>TÄ jiÇng de mÃ­ngbai yÃ¬dÇ’ng.<br></small>He spoke clearly and simply.<br></details><br><br><details><summary><big>é€™å€‹å•é¡Œå¾ˆæ˜ç™½ã€‚</big></summary><small>ZhÃ¨ge wÃ¨ntÃ­ hÄ›n mÃ­ngbai.<br></small>The matter is quite clear.<br></details><br><br><details><summary><big>æœ‰æ„è¦‹å°±æ˜ç™½æå‡ºä¾†ã€‚</big></summary><small>YÇ’u yÃ¬jian jiÃ¹ mÃ­ngbai tÃ­ chÅ«lai.<br></small>If you have any opinions, state them frankly.<br></details><br><br><details><summary><big>ä½ é‚„æ˜¯è·Ÿä»–è¬›æ˜ç™½äº†å¥½ã€‚</big></summary><small>NÇ hÃ¡i shÃ¬ gÄ“n tÄ jiÇng mÃ­ngbai le hÇo.<br></small>It would be best to be frank with him.<br></details><br><br><details><summary><big>æ˜ç™½äºº</big></summary><small>mÃ­ngbairÃ©n<br></small>perceptive person; sensible person<br></details><br><br>|<details><summary><big>æˆ‘ä¸å¤ªæ˜ç™½ä»–è¯´ä»€ä¹ˆã€‚</big></summary><small>WÇ’ bÃ¹ tÃ i mÃ­ngbai tÄ shuÅ shÃ©nme.<br></small>I don't understand too well what he's saying.<br></details>[sound:332655.mp3]<br><br><details><summary><big>æˆ‘ä¸æ˜ç™½ä¸ºä»€ä¹ˆä½ è¿™ä¹ˆæ‰¹è¯„ä»–ã€‚</big></summary><small>wÇ’ bÃ¹mÃ­ng bÃ¡i wÃ¨ishÃ©nme nÇ zhÃ¨me pÄ«pÃ­ng tÄ.<br></small>I can't understand why you are so critical of him.<br></details>[sound:332635.mp3]<br><br><details><summary><big>æœ€åï¼Œä»–ç»ˆäºæ˜ç™½äº†é‚£ä¸ªç†è®ºã€‚</big></summary><small>zuÃ¬hÃ²u, tÄ zhÅngyÃº mÃ­ngbai le nÃ  ge lÇlÃ¹n. (also no le)<br></small>In the end, he finally understood that theory.<br></details>[sound:335109.mp3]
è—|cÃ¡ng|"<i style=""color: #9F8170;"" >v.</i> hide; conceal<br>store; lay by<br>"|<details><summary><big>éŒ¢è—åœ¨ç®±å­è£¡ã€‚</big></summary><small>QiÃ¡n cÃ¡ng zÃ i xiÄngzi lÇ.<br></small>The money was hidden in a trunk.<br></details><br><br><details><summary><big>é€™äººè‚šå­è£¡è—ä¸ä½è©±ã€‚</big></summary><small>ZhÃ¨ rÃ©n dÃ¹zi lÇ cÃ¡ng bÃ¹ zhÃ¹ huÃ .<br></small>This chap canâ€™t keep anything to himself.<br></details><br><br><details><summary><big>è—ç³§æ–¼æ°‘</big></summary><small>CÃ¡ng liÃ¡ng yÃº mÃ­n<br></small>store grain among the people<br></details><br><br><details><summary><big>é–£æ¨“ä¸Šå¯ä»¥è—å¥½å¤šæ±è¥¿ã€‚</big></summary><small>GÃ©lÃ³u shÃ ng kÄ›yÇ cÃ¡ng hÇo duÅ dÅngxi.<br></small>We can store a lot of things in the attic.<br></details><br><br>|<details><summary><big>è¿™æšé’»æˆ’å€¼å¾—æ”¶è—ã€‚</big></summary><small>ZhÃ¨ mÃ©i zuÃ njiÃ¨ zhÃ­de shÅucÃ¡ng.<br></small>This diamond ring is worth collecting.<br></details>[sound:tmpp4v0mk.mp3]<br><br><details><summary><big>è€ç‹å®¶é‡Œè—äº†ä¸€å¹…çè´µçš„å­—ç”»ã€‚</big></summary><small>LÇo WÃ¡ng jiÄli cÃ¡ng le yÄ«fÃº zhÄ“nguÃ¬ de zÃ¬huÃ .<br></small>Lao Wang hid a valuable painting in his house.<br></details>[sound:tmpnza8od.mp3]<br><br><details><summary><big>ä»–å–œæ¬¢æ”¶è—é‚®ç¥¨ã€‚</big></summary><small>TÄ xÇhuan shÅucÃ¡ng yÃ³upiÃ o.<br></small>He likes collecting stamps.<br></details>[sound:tmprnvoiz.mp3]
è—‰å£|jiÃ¨kÇ’u|"<i style=""color: #9F8170;"">n.</i> excuse; pretext<br><i style=""color: #9F8170;"" >v.</i> use as an excuse (or pretext)<br>"|<details><summary><big>æ‰¾è—‰å£</big></summary><small>ZhÇo jiÃ¨kÇ’u<br></small>find an excuse (or pretext)<br></details><br><br><details><summary><big>è£½é€ è—‰å£</big></summary><small>zhÃ¬zÃ o jiÃ¨kÇ’u<br></small>invent an excuse; cook up a pretext <br></details><br><br><details><summary><big>åˆ¥è—‰å£å¿™å°±æ”¾é¬†äº†å­¸ç¿’ã€‚</big></summary><small>biÃ© jiÃ¨kÇ’u mÃ¡ng jiÃ¹ fÃ ngsÅng le xuÃ©xÃ­.<br></small>Donâ€™t slacken your studies on the excuse of being too busy.<br></details><br><br><details><summary><big>ä»–è—‰å£å¦æœ‰ç´„æœƒ, æå‰èµ°äº†ã€‚</big></summary><small>TÄ jiÃ¨kÇ’u lÃ¬ng yÇ’u yuÄ“ huÃ¬, tÃ­qiÃ¡n zÇ’u le.<br></small>He left early, on the pretext of having another appointment.<br></details><br><br>|
ç¹¼çºŒ|jÃ¬xÃ¹|"<i style=""color: #9F8170;"" >v.</i> continue; go on<br><i style=""color: #9F8170;"">n.</i> continuation<br>"|<details><summary><big>ç¹¼çºŒå·¥ä½œ</big></summary><small>JÃ¬xÃ¹ gÅngzuÃ²<br></small>continue working<br></details><br><br><details><summary><big>ç¹¼çºŒæœ‰æ•ˆ</big></summary><small>jÃ¬xÃ¹ yÇ’uxiÃ o<br></small>remain valid; remain in force<br></details><br><br><details><summary><big>ç¹¼çºŒåŸ·æ”¿</big></summary><small>jÃ¬xÃ¹ zhÃ­zhÃ¨ng<br></small>continue in office; remain in power<br></details><br><br><details><summary><big>æœƒè­°ç¹¼çºŒåˆ°æ·±å¤œã€‚</big></summary><small>HuÃ¬yÃ¬ jÃ¬xÃ¹ dÃ o shÄ“nyÃ¨.<br></small>The meeting went on till late at night.<br></details><br><br><details><summary><big>æœ‰äº›å•é¡Œä»éœ€ç¹¼çºŒç ”ç©¶ã€‚</big></summary><small>YÇ’uxiÄ“ wÃ¨ntÃ­ rÃ©ng xÅ« jÃ¬xÃ¹ yÃ¡njiÅ«.<br></small>Some problems require further study.<br></details><br><br><details><summary><big>ä»–å€‘ç¬¬äºŒå¤©åˆç¹¼çºŒæœƒè«‡ã€‚</big></summary><small>TÄmen dÃ¬-Ã¨r tiÄn yÃ²u jÃ¬xÃ¹ huÃ¬tÃ¡n.<br></small>They resumed the talks the next day.<br></details><br><br><details><summary><big>å¤§é›¨ç¹¼çºŒäº†ä¸‰æ™å¤œã€‚</big></summary><small>DÃ yÇ” jÃ¬xÃ¹ le sÄn zhÃ²u-yÃ¨.<br></small>It rained heavily for three days and nights. <br></details><br><br><details><summary><big>ç¾è¡Œæ”¿ç­–æ˜¯ä»¥å¾€æ”¿ç­–çš„ç¹¼çºŒã€‚</big></summary><small>xiÃ nxÃ­ng zhÃ¨ngcÃ¨ shÃ¬ yÇwÇng zhÃ¨ngcÃ¨ dejÃ¬xÃ¹.<br></small>The present policy is a continuation of the earlier one.<br></details><br><br>|
å¥‡è·¡|qÃ­jÃ¬|"<i style=""color: #9F8170;"">n.</i> miracle; wonder; marvel"|<details><summary><big>é†«å­¸ä¸Šçš„å¥‡è·¡</big></summary><small>yÄ«xuÃ© shÃ ng de qÃ­jÃ¬<br></small>a marvel of medical science<br></details><br>|
è‰¯è—¥è‹¦å£|liÃ¡ngyÃ o-kÇ”kÇ’u|"<i style=""color: #9F8170;"">IE</i> Good medicine tastes bitter."|<details><summary><big>è‰¯è—¥è‹¦å£åˆ©æ–¼ç—…, å¿ è¨€é€†è€³åˆ©æ–¼è¡Œã€‚</big></summary><small>LiÃ¡ngyÃ okÇ”kÇ’u lÃ¬yÃº bÃ¬ng, zhÅngyÃ¡n nÃ¬'Ä›r lÃ¬yÃº xÃ­ng.<br></small>Just as bitter medicine cures sickness, unpalatable advice benefits conduct.<br></details><br>|
æ—…éŠæ¥­|lÇšyÃ³uyÃ¨|tourist industry (or trade); tourism||
è§€å…‰å®¢|guÄnguÄngkÃ¨|tourist; sightseer; visitor||
é‡å­è¨ˆç®—æ©Ÿ|liÃ ngzÇjÃ¬suÃ njÄ«|quantum computer||
é‡å­åŠ›å­¸|liÃ ngzÇlÃ¬xuÃ©|physics quantum mechanics||
é‡å­è«–|liÃ ngzÇlÃ¹n|physics quantum theory||
å—œ|shÃ¬|"<i style=""color: #9F8170;"" >v.</i> have a liking for; addicted to"|<details><summary><big>å—œé…’</big></summary><small>shÃ¬jiÇ”<br></small>addicted to drink<br></details><br>|<details><summary><big>å¥¹å—œå¥½å¸çƒŸã€‚</big></summary><small>TÄ shÃ¬hÃ o xÄ«yÄn.<br></small>She's a habitual smoker.<br></details>[sound:tmp_vshnf.mp3]<br><br><details><summary><big>ç”œé£Ÿæ˜¯å¥¹å”¯ä¸€çš„å—œå¥½ã€‚</big></summary><small>TiÃ¡nshÃ­ shÃ¬ tÄ wÃ©iyÄ« de shÃ¬hÃ o.<br></small>Sweet foods are her only indulgence.<br></details>[sound:tmpl7btbs.mp3]<br><br><details><summary><big>è€ç‹çš„å—œå¥½æ˜¯å–é…’ã€‚</big></summary><small>LÇo WÃ¡ng de shÃ¬hÃ o shÃ¬ hÄ“ jiÇ”.<br></small>Lao Wang's hobby is drinking.<br></details>[sound:tmpbpe7d6.mp3]
å—œé…’|shÃ¬jiÇ”|addicted to drink||
è »|mÃ¡n|"<i style=""color: #9F8170;"">SV</i> rough; fierce; savage; unreasoning<br>reckless; rash <br><i style=""color: #9F8170;"">n.</i> archaic the tribes in Southern China <br><i style=""color: #9F8170;"">adv.</i> dialect quite; pretty<br>"|<details><summary><big>é‡è »</big></summary><small>yÄ›mÃ¡n<br></small>savage; cruel<br></details><br><br><details><summary><big>è »æœ‰æ„æ€</big></summary><small>mÃ¡n yÇ’u yÃ¬si<br></small>quite interesting<br></details><br><br><details><summary><big>é€™é›»å½±è »å¥½ã€‚</big></summary><small>ZhÃ¨ diÃ nyÇng mÃ¡n hÇo.<br></small>This is quite a good film.<br><i>or </i> This is a pretty good film.<br></details><br><br>|
å‰ä»–æ‰‹|jÃ­tÄshÇ’u|guitar player||
å®‰æ…°|ÄnwÃ¨i|"<i style=""color: #9F8170;"">n.</i> comfort; solace; consolation; balm<br><i style=""color: #9F8170;"" >v.</i> comfort; console<br><i style=""color: #9F8170;"">SV</i> comforted; encouraged<br>consoling; placatory<br>"|<details><summary><big>ç„¡æ¿Ÿæ–¼äº‹çš„å®‰æ…°</big></summary><small>WÃºjÃ¬yÃºshÃ¬ de'ÄnwÃ¨i<br></small>cold comfort<br></details><br><br><details><summary><big>çµ¦æŸäººå°å°çš„å®‰æ…°</big></summary><small>gÄ›i mÇ’urÃ©n xiÇoxiÇo de'ÄnwÃ¨i<br></small>offer sb. a crumb of comfort<br></details><br><br><details><summary><big>å¾å·¥ä½œä¸­å¾—åˆ°å®‰æ…°</big></summary><small>cÃ³ng gÅngzuÃ² zhÅng dÃ©dÃ o ÄnwÃ¨i<br></small>find (or take, derive) comfort in oneâ€™s work <br></details><br><br><details><summary><big>å®‰æ…°ç—…äºº</big></summary><small>ÄnwÃ¨i bÃ¬ngrÃ©n<br></small>extend sympathy to a patient; comfort a patient<br></details><br><br><details><summary><big>å®‰æ…°å“­æ³£çš„å­©å­</big></summary><small>ÄnwÃ¨i kÅ«qÃ¬ de hÃ¡izi<br></small>comfort a weeping child<br></details><br><br><details><summary><big>å®‰æ…°æŸäººå¹¾å¥</big></summary><small>ÄnwÃ¨i mÇ’urÃ©n jÇ jÃ¹<br></small>say a few words of comfort; say some consoling words<br></details><br><br><details><summary><big>ç”¨éŸ³æ¨‚è‡ªæˆ‘å®‰æ…°</big></summary><small>yÃ²ng yÄ«nyuÃ¨ zÃ¬wÇ’ ÄnwÃ¨i<br></small>console oneself with music <br></details><br><br><details><summary><big>è½äº†é€™äº›è©±æˆ‘å¿ƒè£¡å¾ˆå®‰æ…°ã€‚</big></summary><small>tÄ«ng le zhÃ¨xiÄ“ huÃ  wÇ’ xÄ«nli hÄ›n ÄnwÃ¨i.<br></small>I felt much comforted at hearing these words.<br><i>or </i> These words gave me much comfort.<br></details><br><br><details><summary><big>å®‰æ…°ä¿¡</big></summary><small>ÄnwÃ¨i xÃ¬n<br></small>consoling letter<br></details><br><br>|<details><summary><big>çˆ¸çˆ¸å®‰æ…°å¥¹ï¼Œå¥¹å´ä¸å¼€å¿ƒã€‚</big></summary><small>BÃ ba ÄnwÃ¨i tÄ, tÄ quÃ¨ bÃ¹ kÄixÄ«n.<br></small>Her dad comforted her, she was nevertheless unhappy.<br></details>[sound:tmpanszqx.mp3]<br><br><details><summary><big>å¦ˆå¦ˆåœ¨å®‰æ…°å­©å­ã€‚</big></summary><small>MÄma zÃ i ÄnwÃ¨i hÃ¡izi.<br></small>The mom is comforting the child.<br></details>[sound:tmprhnap7.mp3]
ä½œæ¯|zuÃ²-xÄ«|"<i style=""color: #9F8170;"" >v.</i> work and rest"|<details><summary><big>æŒ‰æ™‚ä½œæ¯</big></summary><small>Ã nshÃ­ zuÃ²xÄ«<br></small>work and break according to schedule<br></details><br>|<details><summary><big>ä¸Šç­æ—¶é—´å˜äº†ï¼Œæˆ‘è°ƒæ•´äº†ä½œæ¯æ—¶é—´ã€‚</big></summary><small>ShÃ ngbÄn shÃ­jiÄn biÃ n le, wÇ’ tiÃ¡ozhÄ›ng le zuÃ²xÄ« shÃ­jiÄn.<br></small>My work schedule changed, so I adjusted my resting times.<br></details>[sound:tmps6cdtu.mp3]
ç†|lÇ|"<i style=""color: #9F8170;"">n.</i> texture; grain (in wood, skin, etc.)<br>order; sequence<br>reason; logic; truth<br>natural science (esp. physics)<br><i style=""color: #9F8170;"" >v.</i> manage; run<br>put in order; tidy up<br>[usu. in the negative] pay attention to; make a gesture or speak to<br>"|<details><summary><big>æœ¨ç†</big></summary><small>mÃ¹lÇ<br></small>grain of wood<br></details><br><br><details><summary><big>æ¢ç†</big></summary><small>tiÃ¡olÇ<br></small>orderliness; proper arrangement<br></details><br><br><details><summary><big>è¬›ç†</big></summary><small>jiÇnglÇ<br></small>listen to reason; talk sense<br></details><br><br><details><summary><big>æ²’ç†</big></summary><small>mÃ©ilÇ<br></small>be unreasonable<br></details><br><br><details><summary><big>æœ‰ç†</big></summary><small>yÇ’ulÇ<br></small>be on the right<br></details><br><br><details><summary><big>ä¸è¬›ç†</big></summary><small>bÃ¹ jiÇnglÇ<br></small>lose all reason; be not amenable to reason<br></details><br><br><details><summary><big>ä»–è¬›å¾—åœ¨ç†ã€‚</big></summary><small>tÄ jiÇng de zÃ i lÇ.<br></small>There is truth in what he says.<br></details><br><br><details><summary><big>ç†å­¸é™¢</big></summary><small>lÇxuÃ©yuÃ n<br></small>college of science<br></details><br><br><details><summary><big>æ–‡ç†å…¼é€š</big></summary><small>WÃ©n lÇ jiÄntÅng<br></small>be knowledgeable in both arts and sciences <br></details><br><br><details><summary><big>æœ‰è¦äº‹å¾…ç†</big></summary><small>yÇ’u yÃ oshÃ¬ dÃ i lÇ<br></small>have important business to attend to<br></details><br><br><details><summary><big>ç†å‡ºé ­ç·’</big></summary><small>lÇchÅ« tÃ³uxÃ¹<br></small>straighten a matter out<br></details><br><br><details><summary><big>æŠŠæ›¸ç†ä¸€ä¸‹ã€‚</big></summary><small>bÇ shÅ« lÇ yÄ«xiÃ .<br></small>Put the books in order.<br></details><br><br><details><summary><big>æŠŠæˆ¿é–“ç†ä¸€ç†ã€‚</big></summary><small>BÇ fÃ¡ngjiÄn lÇ yÄ« lÇ.<br></small>Straighten up the room.<br></details><br><br><details><summary><big>ä¸ç†</big></summary><small>bÃ¹lÇ<br></small>take no notice of; pay no attention to<br></details><br><br><details><summary><big>èª°ä¹Ÿä¸ç†èª°</big></summary><small>ShuÃ­ yÄ› bÃ¹ lÇ shuÃ­<br></small>be not on speaking terms<br></details><br><br><details><summary><big>ä»–æƒ³è·Ÿæˆ‘è¬›è©±, æˆ‘æ²’ç†ä»–ã€‚</big></summary><small>TÄ xiÇng gÄ“n wÇ’ jiÇnghuÃ , wÇ’ mÃ©i lÇ tÄ.<br></small>I ignored him when he tried to talk to me.<br></details><br><br>|<details><summary><big>æ€»ç»ç†æå‡äº†ä»–çš„èŒåŠ¡ã€‚</big></summary><small>ZÇ’ngjÄ«nglÇ tÃ­shÄ“ng le TÄ de zhÃ­wÃ¹.<br></small>The general manager promoted him.<br></details>[sound:tmpgpmzkx.mp3]<br><br><details><summary><big>ä½ è®¤è¯†ç»ç†å—ï¼Ÿ</big></summary><small>NÇ rÃ¨nshi jÄ«nglÇ ma?<br></small>Do you know the manager?<br></details>[sound:G003-03.mp3]<br><br><details><summary><big>å¥¹çš„ä¸“ä¸šæ˜¯äººåŠ›èµ„æºç®¡ç†ã€‚</big></summary><small>TÄ de zhuÄnyÃ¨ shÃ¬ rÃ©nlÃ¬zÄ«yuÃ¡nguÇnlÇ.<br></small>Her major is human resources management.<br></details>[sound:R084-05.mp3]
é³¯|fÃ¨ng|phoenix||
æ–‡æ˜|wÃ©nmÃ­ng|"<i style=""color: #9F8170;"">n.</i> civilization; culture<br><i style=""color: #9F8170;"">SV</i> civilized; courtesy; manners<br>dated new; modern and Western<br>"|<details><summary><big>æ–‡æ˜å¤åœ‹</big></summary><small>WÃ©nmÃ­ng gÇ” guÃ³<br></small>country with an ancient civilization<br></details><br><br><details><summary><big>ç²¾ç¥æ–‡æ˜</big></summary><small>jÄ«ngshÃ©nwÃ©nmÃ­ng<br></small>spiritual civilization<br></details><br><br><details><summary><big>ç‰©è³ªæ–‡æ˜</big></summary><small>wÃ¹zhÃ¬wÃ©nmÃ­ng<br></small>material civilization <br></details><br><br><details><summary><big>æ–‡æ˜åœ‹å®¶</big></summary><small>wÃ©nmÃ­ng guÃ³jiÄ<br></small>civilized country; enlightened nation<br></details><br><br><details><summary><big>æ–‡æ˜ç¶“å•†</big></summary><small>wÃ©nmÃ­ng jÄ«ngshÄng<br></small>do business with civility<br></details><br><br><details><summary><big>æ–‡æ˜ç¦®è²Œ</big></summary><small>wÃ©nmÃ­nglÇmÃ o<br></small>decorum; courtesy; manners<br></details><br><br>|<details><summary><big>å­¦ç”Ÿä»¬é€šå¸¸å¾ˆå®‰é™å¹¶ä¸”ä¸¾æ­¢æ–‡æ˜ã€‚</big></summary><small>XuÃ©shengmen tÅngchÃ¡ng hÄ›n ÄnjÃ¬ng bÃ¬ngqiÄ› jÇ”zhÇ wÃ©nmÃ­ng.<br></small>The students are usually quiet and well behaved.<br></details>[sound:R105-04.mp3]
å‰ªåˆ€|jiÇndÄo|"<i style=""color: #9F8170;"">n.</i> scissors; shears"|<details><summary><big>ä¸€æŠŠå‰ªåˆ€</big></summary><small>yÄ« bÇ jiÇndÄo<br></small>a pair of scissors<br></details><br>|<details><summary><big>å¥¹ç”¨å‰ªåˆ€å¸®æˆ‘å‰ªå¤´å‘ã€‚</big></summary><small>TÄ yÃ²ng jiÇndÄo bÄng wÇ’ jiÇn tÃ³ufa.<br></small>She cut my hair with scissors.<br></details>[sound:tmpdtydqt.mp3]<br><br><details><summary><big>è¿™æŠŠå‰ªåˆ€å¾ˆåˆ©ã€‚</big></summary><small>ZhÃ¨ bÇ jiÇndÄo hÄ›n lÃ¬.<br></small>These scissors are very sharp.<br></details>[sound:tmpap83px.mp3]
ç‘å£«|RuÃ¬shÃ¬|Switzerland||<details><summary><big>ç‘å£«ä½äºæ³•å›½ã€æ„å¤§åˆ©ã€å¥¥åœ°åˆ©å’Œå¾·å›½ä¹‹é—´ã€‚</big></summary><small>ruÃ¬shÃ¬ wÃ¨iyÃº FÇguÃ³. YÃ¬dÃ lÃ¬. Ã odÃ¬lÃ¬ hÃ© DÃ©guÃ³ zhÄ«jiÄn.<br></small>Switzerland is situated between France, Italy, Austria and Germany.<br></details>[sound:333951.mp3]
è¬™è™›|qiÄnxÅ«|"<i style=""color: #9F8170;"" >v.</i> make modest remarks<br><i style=""color: #9F8170;"">SV</i> modest; self-effacing<br>"|<details><summary><big>ä»–è¬™è™›äº†ä¸€ç•ª, çµ‚æ–¼ç­”æ‡‰ä¾†ä½œä¸€æ¬¡æ¼”è¬›ã€‚</big></summary><small>TÄ qiÄnxÅ« le yÄ« fÄn, zhÅngyÃº dÄying lÃ¡i zuÃ² yÄ«cÃ¬ yÇnjiÇng.<br></small>After making a few modest remarks he finally agreed to come and give a talk. <br></details><br><br><details><summary><big>åˆ¥è¬™è™›äº†, æˆ‘å€‘çŸ¥é“ä½ æ˜¯é€™æ–¹é¢çš„è¡Œå®¶ã€‚</big></summary><small>BiÃ© qiÄnxÅ« le, wÇ’men zhÄ«dao nÇ shÃ¬ zhÃ¨ fÄngmiÃ n de hÃ¡ngjia.<br></small>Donâ€™t be so modest. We know youâ€™re an expert in this field.<br></details><br><br><details><summary><big>éŒ¢æ•™æˆå¾ˆè¬™è™›, å¾ä¾†ä¸æ“ºæ¶å­ã€‚</big></summary><small>QiÃ¡n jiÃ oshÃ²u hÄ›n qiÄnxÅ«, cÃ³nglÃ¡i bÃ¹ bÇi jiÃ zi.<br></small>Prof. Qian is very modest. He never puts on airs.<br></details><br><br>|
è¶…ç´š|chÄojÃ­|"<i style=""color: #9F8170;"">SV</i> super"|<details><summary><big>è¶…ç´šé–“è«œ</big></summary><small>ChÄojÃ­ jiÃ ndiÃ©<br></small>superspy<br></details><br><br><details><summary><big>è¶…ç´šæ˜æ˜Ÿ</big></summary><small>chÄojÃ­ mÃ­ngxÄ«ng<br></small>superstar<br></details><br><br><details><summary><big>è¶…ç´šæ¨¡ç‰¹</big></summary><small>chÄojÃ­ mÃ³tÃ¨<br></small>super model<br></details><br><br>|
ç„¡æ•µ|wÃºdÃ­|"<i style=""color: #9F8170;"" >v.</i> unmatched; invincible; unconquerable"|<details><summary><big>ç„¡æ•µæ–¼å¤©ä¸‹</big></summary><small>wÃºdÃ­ yÃº tiÄnxiÃ <br></small>unmatched anywhere in the world; invincible<br></details><br>|
è¢|yuÃ¡n|"long robe<br><div style=""color: #9F8170;"">(old)</div><br>"||
åŒ…æ‹¬|bÄokuÃ²|"<i style=""color: #9F8170;"" >v.</i> include; consist of; comprise; incorporate<br>yuan a month, including water and electricity.<br>"|<details><summary><big>å ±åƒ¹ä¸­ä¸åŒ…æ‹¬é‹è²»ã€‚</big></summary><small>bÃ ojiÃ  zhÅng bÃ¹ bÄokuÃ² yÃ¹nfÃ¨i.<br></small>Carriage is not included in the quotation.<br></details><br><br><details><summary><big>æˆ¿ç§Ÿæ¯æœˆå››ç™¾å…ƒ, æ°´é›»è²»åŒ…æ‹¬åœ¨å…§ã€‚</big></summary><small>FÃ¡ngzÅ« mÄ›i yuÃ¨ sÃ¬bÇi yuÃ¡n, shuÇ-diÃ nfÃ¨i bÄokuÃ² zÃ inÃ¨i.<br></small>The rent is<br></details><br><br><details><summary><big>ä»–çš„å ±å‘ŠåŒ…æ‹¬ä¸‰å€‹æ–¹é¢ã€‚</big></summary><small>TÄ de bÃ ogÃ o bÄokuÃ² sÄn ge fÄngmiÃ n.<br></small>His report touched on three aspects.<br></details><br><br><details><summary><big>æˆ‘å€‘çš„è¨­è¨ˆå·²ç¶“åŒ…æ‹¬äº†ä½ å€‘çš„æ„è¦‹ã€‚</big></summary><small>WÇ’men de shÃ¨jÃ¬ yÇjing bÄokuÃ² le nÇmen de yÃ¬jian.<br></small>Our design has incorporated your suggestions.<br></details><br><br>|<details><summary><big>æ•™è‚²æ–¹é¢ï¼ŒåŒ…æ‹¬é“å¾·æ•™è‚²ã€‚</big></summary><small>JiÃ oyÃ¹ fÄngmiÃ n, bÄokuÃ² dÃ odÃ© jiÃ oyÃ¹.<br></small>Ethics is included within the fields of education.<br></details>[sound:tmpru0if1.mp3]<br><br><details><summary><big>å¤ªå¹³æ´‹åœ°åŒºçš„å›½å®¶ï¼ŒåŒ…æ‹¬ç¾å›½ï¼Œéƒ½å—åˆ°äº†å½±å“ã€‚</big></summary><small>TÃ ipÃ­ngyÃ¡ng dÃ¬qÅ« de guÃ³jiÄ, bÄokuÃ² MÄ›iguÃ³, dÅu shÃ²u dÃ o le yÇngxiÇng.<br></small>All nations in the Pacific region, including the US, were affected.<br></details>[sound:tmpbmwujf.mp3]<br><br><details><summary><big>åŒ…æ‹¬æˆ‘åœ¨å†…ï¼Œæˆ‘ä»¬ç»„æœ‰äº”ä¸ªäººã€‚</big></summary><small>BÄokuÃ² wÇ’ zÃ inÃ¨i, wÇ’men zÇ” yÇ’u wÇ” gÃ¨ rÃ©n.<br></small>There are five people in our team including me.<br></details>[sound:tmpnfccqb.mp3]
å¤±æˆ€|shÄ«//liÃ n|"<i style=""color: #9F8170;"" >v.</i> be disappointed in a love affair; be jilted"|<details><summary><big>å¤±æˆ€çš„ç—›è‹¦</big></summary><small>ShÄ«liÃ n de tÃ²ngkÇ”<br></small>bitter taste of disappointed love<br></details><br>|
è™›æ§‹|xÅ«gÃ²u|"<i style=""color: #9F8170;"" >v.</i> fabricate; make up"|<details><summary><big>è™›æ§‹äººç‰©</big></summary><small>xÅ«gÃ²u rÃ©nwÃ¹<br></small>fictitious character<br></details><br><br><details><summary><big>è™›æ§‹çš„æƒ…ç¯€</big></summary><small>xÅ«gÃ²u de qÃ­ngjiÃ©<br></small>made-up (or trumped-up) story<br></details><br><br><details><summary><big>ç´”å±¬è™›æ§‹</big></summary><small>chÃºnshÇ”xÅ«gÃ²u<br></small>out-and-out (or sheer) fabrication<br></details><br><br>|
è¯ç¹«|liÃ¡nxÃ¬|"<i style=""color: #9F8170;"">n.</i> contact; touch; connection; relation<br><i style=""color: #9F8170;"" >v.</i> arrange; get in touch with<br>integrate; relate; link<br>"|<details><summary><big>ä¿æŒè¯ç¹«</big></summary><small>bÇochÃ­ liÃ¡nxÃ¬<br></small>keep in contact (or touch) with<br></details><br><br><details><summary><big>å–å¾—è¯ç¹«</big></summary><small>qÇ”dÃ© liÃ¡nxÃ¬<br></small>get in touch with; establish contact with<br></details><br><br><details><summary><big>å¤±å»è¯ç¹«</big></summary><small>shÄ«qÃ¹ liÃ¡nxÃ¬<br></small>lose contact<br></details><br><br><details><summary><big>äº‹ç‰©çš„å…§éƒ¨è¯ç¹«</big></summary><small>ShÃ¬wÃ¹ de nÃ¨ibÃ¹ liÃ¡nxÃ¬<br></small>internal relations of things<br></details><br><br><details><summary><big>äº‹ç‰©çš„å¤–éƒ¨è¯ç¹«</big></summary><small>shÃ¬wÃ¹ de wÃ ibÃ¹ liÃ¡nxÃ¬<br></small>external relations of things<br></details><br><br><details><summary><big>æœ‰å»£æ³›çš„ç¤¾æœƒè¯ç¹«</big></summary><small>yÇ’u guÇngfÃ n de shÃ¨huÃ¬ liÃ¡nxÃ¬<br></small>have wide social connections <br></details><br><br><details><summary><big>è¯ç¹«ä½è™•</big></summary><small>liÃ¡nxÃ¬ zhÃ¹chÃ¹<br></small>arrange accommodation<br></details><br><br><details><summary><big>çœ‹é›»å½±çš„äº‹, æ‰¾ä¿±æ¨‚éƒ¨è¯ç¹«ã€‚</big></summary><small>kÃ n diÃ nyÇng de shÃ¬, zhÇo jÃ¹lÃ¨bÃ¹ liÃ¡nxÃ¬.<br></small>As for movies, please contact the club.<br></details><br><br><details><summary><big>éš¨æ™‚è·Ÿæˆ‘è¯ç¹«ã€‚</big></summary><small>SuÃ­shÃ­ gÄ“n wÇ’ liÃ¡nxÃ¬.<br></small>Keep in touch with me.<br></details><br><br><details><summary><big>ç†è«–è¯ç¹«å¯¦éš›</big></summary><small>lÇlÃ¹n liÃ¡nxÃ¬ shÃ­jÃ¬<br></small>integrate theory with practice; apply theory to reality<br></details><br><br><details><summary><big>å¯†åˆ‡è¯ç¹«ç¾¤çœ¾</big></summary><small>mÃ¬qiÃ¨ liÃ¡nxÃ¬ qÃºnzhÃ²ng<br></small>maintain close ties with the masses<br></details><br><br><details><summary><big>ä¸­åœ‹çš„å‰é€”åŒä¸–ç•Œçš„å‰é€”ç·Šå¯†åœ°è¯ç¹«åœ¨ä¸€èµ·ã€‚</big></summary><small>ZhÅngguÃ³ de qiÃ¡ntÃº tÃ³ng shÃ¬jiÃ¨ de qiÃ¡ntÃº jÇnmÃ¬ de liÃ¡nxÃ¬ zÃ i yÄ«qÇ.<br></small>The future of China is closely linked with that of the whole world.<br></details><br><br>|
ä¸€è·¯å¹³å®‰|yÄ«lÃ¹-pÃ­ngÄn|"<i style=""color: #9F8170;"">IE</i> have a pleasant journey; have a good trip; bon voyage"||
ä¸€è·¯é †é¢¨|yÄ«lÃ¹shÃ¹nfÄ“ng|Have a good trip! or Bon voyage!||
å•¤é…’å» |pÃ­jiÇ”chÇng|brewery||
åŸºç£æ•™|JÄ«dÅ«jiÃ o|"<i style=""color: #9F8170;"">n.</i> Christian religion; Christianity"||<details><summary><big>ä»–ä»¬ä¿¡å¥‰åŸºç£æ•™ã€‚</big></summary><small>TÄmen xÃ¬nfÃ¨ng JÄ«dÅ«jiÃ o.<br></small>They are Protestants.<br></details>[sound:tmpuwp3lk.mp3]
æ‚ é–’|yÅuxiÃ¡n|"<i style=""color: #9F8170;"">SV</i> leisurely and carefree<br>âˆ¼ âˆ¼zÃ¬zÃ i<br>leisurely and carefree <br>ä»Šå¤©éçš„å¾ˆæ‚ é–’<br>"||
ç…é‹|jiÄnguÅ|"<i style=""color: #9F8170;"">n.</i> frying pan"||
å¹´ä»£|niÃ¡ndÃ i|"<i style=""color: #9F8170;"">n.</i> age; years; time<br>decade of a century<br>"|<details><summary><big>å¹´ä»£ä¸è©³</big></summary><small>niÃ¡ndÃ i bÃ¹xiÃ¡ng<br></small>without date; sine anno<br></details><br><br><details><summary><big>å› å¹´ä»£ä¹…é , çŸ³ç¢‘ä¸Šçš„å­—è·¡å·²ç¶“æ¨¡ç³Šä¸æ¸…ã€‚</big></summary><small>YÄ«n niÃ¡ndÃ i jiÇ”yuÇn, shÃ­bÄ“i shÃ ng de zÃ¬jÃ¬ yÇjing mÃ³hubÃ¹qÄ«ng.<br></small>The inscriptions on the stone tablet have become blurred with time.<br></details><br><br><details><summary><big>å±•å‡ºçš„å¤ä»£æ–‡ç‰©éƒ½æ¨™æ˜äº†å¹´ä»£ã€‚</big></summary><small>ZhÇnchÅ« de gÇ”dÃ i wÃ©nwÃ¹ dÅu biÄomÃ­ng le niÃ¡ndÃ i.<br></small>The antiques on display are all labeled with dates.<br></details><br><br><details><summary><big>äºŒåä¸–ç´€ä¹åå¹´ä»£</big></summary><small>Ã¨rshÃ­ shÃ¬jÃ¬ jiÇ”shÃ­ niÃ¡ndÃ i<br></small>the 1990â€™s<br></details><br><br>|<details><summary><big>50å¹´ä»£ï¼ŒèŠ¬å…°äººè¢«è®¤ä¸ºæ˜¯ä¸–ç•Œä¸Šé¥®é£Ÿæœ€ä¸å¥åº·çš„ä¾‹å­ã€‚</big></summary><small>50 niÃ¡ndÃ i, fÄ“nlÃ¡nrÃ©n bÃ¨i rÃ¨nwÃ©i shÃ¬ shÃ¬jiÃ¨shÃ ng yÇnshÃ­ zuÃ¬ bÃ¹jiÃ nkÄng de lÃ¬zi.<br></small>In the 1950's, the Finns were cited as having one of the least healthy diets in the world.<br></details>[sound:334453.mp3]
è¯çµ¡|liÃ¡nluÃ²|"<i style=""color: #9F8170;"" >v.</i> get in touch with; come into contact with; contact<br><i style=""color: #9F8170;"">n.</i> contact (between people); liaison<br>"|<details><summary><big>è¯çµ¡æ„Ÿæƒ…</big></summary><small>LiÃ¡nluÃ² gÇnqÃ­ng<br></small>make friendly contacts; strengthen the bonds of friendship<br></details><br><br><details><summary><big>ç”¨é›»è©±è·ŸæŸäººè¯çµ¡</big></summary><small>yÃ²ng diÃ nhuÃ  gÄ“n mÇ’urÃ©n liÃ¡nluÃ²<br></small>get in touch with sb. by telephone<br></details><br><br><details><summary><big>å¤šå¤šè¯çµ¡ã€‚</big></summary><small>DuÅduÅ liÃ¡nluÃ².<br></small>Letâ€™s get in touch more often. <br></details><br><br><details><summary><big>å¤±æ‰è¯çµ¡</big></summary><small>shÄ«diÃ o liÃ¡nluÃ²<br></small>lose contact; be out of touch<br></details><br><br>|
é£Ÿå ‚|shÃ­tÃ¡ng|"<i style=""color: #9F8170;"">n.</i> dining hall; mess (hall); canteen"|<details><summary><big>å­¸ç”Ÿé£Ÿå ‚</big></summary><small>xuÃ©sheng shÃ­tÃ¡ng<br></small>student canteen (or mess)<br></details><br>|<details><summary><big>é£Ÿå ‚é‡Œå¾ˆå¤šäººåœ¨æ’é˜Ÿä¹°é¥­ã€‚</big></summary><small>ShÃ­tÃ¡ng li hÄ›n duÅ rÃ©n zÃ i pÃ¡iduÃ¬ mÇi fÃ n.<br></small>In the canteen, a lot of people are in line to buy food.<br></details>[sound:tmp6sowyj.mp3]
æ•™å ‚|jiÃ otÃ¡ng|"<i style=""color: #9F8170;"">n.</i> church"|<details><summary><big>å¤§æ•™å ‚</big></summary><small>dÃ jiÃ otÃ¡ng<br></small>cathedral<br></details><br><br><details><summary><big>å°æ•™å ‚</big></summary><small>xiÇojiÃ otÃ¡ng<br></small>chapel<br></details><br><br>|<details><summary><big>ä»–ä»¬åœ¨æ•™å ‚é‡ŒåŠä¸§äº‹ã€‚</big></summary><small>TÄmen zÃ i jiÃ otÃ¡ng lÇ bÃ n sÄngshÃ¬.<br></small>They're holding the funeral ceremony in the church.<br></details>[sound:tmpoye3md.mp3]<br><br><details><summary><big>ä»–æ˜ŸæœŸå¤©å»æ•™å ‚ã€‚</big></summary><small>TÄ xÄ«ngqÄ« tiÄn qÃ¹ jiÃ otÃ¡ng.<br></small>He goes to church on Sundays.<br></details>[sound:tmpteqlab.mp3]<br><br><details><summary><big>æ•™å ‚å·¦è¾¹æœ‰ä¸€ä¸ªçºªå¿µç¢‘ã€‚</big></summary><small>JiÃ otÃ¡ng zuÇ’biÄn yÇ’u yÄ« gÃ¨ jÃ¬niÃ nbÄ“i.<br></small>To the left of the church is a monument.<br></details>[sound:R103-03.mp3]
å¤©å ‚|tiÄntÃ¡ng|"<i style=""color: #9F8170;"">n.</i> Paradise; Heaven<br>perfect place<br>"||<details><summary><big>å–„è‰¯çš„äººæ­»åä¼šå‡å…¥å¤©å ‚ã€‚</big></summary><small>ShÃ nliÃ¡ng de rÃ©n sÇ hÃ²u huÃ¬ shÄ“ng rÃ¹ tiÄntÃ¡ng.<br></small>Kind people go to Heaven after death.<br></details>[sound:tmpsphtlq.mp3]<br><br><details><summary><big>æ¬§æ´²æ˜¯è‰ºæœ¯çš„å¤©å ‚ã€‚</big></summary><small>ÅŒuzhÅu shÃ¬ yÃ¬shÃ¹ de tiÄntÃ¡ng.<br></small>Europe is heaven for the arts.<br></details>[sound:tmpctcslr.mp3]
èª²å ‚|kÃ¨tÃ¡ng|"<i style=""color: #9F8170;"">n.</i> classroom; schoolroom"||
å°ç¯†|xiÇozhuÃ n|"<i style=""color: #9F8170;"">n.</i> lesser seal character (a simplified form of<br>BC during the Qin Dynasty for the purpose of standardizing the script)<br>"|<details><summary><big>å¤§ç¯†</big></summary><small>dÃ zhuÃ n,<br></small>adopted c.<br></details><br>|
å¤§ç¯†|dÃ zhuÃ n|"<i style=""color: #9F8170;"">n.</i> calligraphy a style of calligraphy, current in the Zhou Dynasty"||
æ„‰å¿«|yÃºkuÃ i|"ä½ åœ¨ä¸­åœ‹ç©å¾—æ„‰å¿«å—ï¼ŸğŸ¥º<br><br><i style=""color: #9F8170;"">SV</i> happy; joyful; cheerful<br>"|<details><summary><big>âˆ¼çš„äº‹</big></summary><small>âˆ¼ de shÃ¬<br></small>something pleasant; joyful event<br></details><br><br><details><summary><big>âˆ¼çš„å¾®ç¬‘</big></summary><small>âˆ¼ de wÄ“ixiÃ o<br></small>happy smile<br></details><br><br><details><summary><big>å¿ƒæƒ…âˆ¼</big></summary><small>xÄ«nqÃ­ng âˆ¼<br></small>be in a merry mood; be in a cheerful frame of mind<br></details><br><br><details><summary><big>æ—…é€”âˆ¼ï¼</big></summary><small>lÇštÃº âˆ¼<br></small>Bon voyage!<br></details><br><br><details><summary><big>ç¥ä½ åœ¨ä¸­åœ‹é€—ç•™æœŸé–“éå¾—âˆ¼ã€‚</big></summary><small>ZhÃ¹ nÇ zÃ i ZhÅngguÃ³ dÃ²uliÃº qÄ«jiÄn guÃ² de<br></small>âˆ¼. I hope youâ€™ll have a pleasant stay in China.<br></details><br><br>|<details><summary><big>ä»–ä»¬ç›¸å¤„å¾—å¾ˆæ„‰å¿«ã€‚</big></summary><small>TÄmen xiÄngchÇ” de hÄ›n yÃºkuÃ i.<br></small>They get along well with each other very delightfully.<br></details>[sound:tmpzlmbcb.mp3]<br><br><details><summary><big>æˆ‘ä¹Ÿè¿‡å¾—å¾ˆæ„‰å¿«ã€‚</big></summary><small>wÇ’ yÄ› guÃ² de hÄ›n yÃºkuÃ i.<br></small>I also had a very delightful time.<br></details>[sound:333496.mp3]<br><br><details><summary><big>æ•´ä¸ªå¤å¤©ï¼Œæˆ‘ä»¬åœ¨é‚£é‡Œè¿‡å¾—å¾ˆæ„‰å¿«ã€‚</big></summary><small>zhÄ›ng gÃ¨ xiÃ tiÄn, wÇ’men zÃ i nÃ li guÃ² de hÄ›n yÃºkuÃ i.<br></small>All summer, we had a delightful time there.<br></details>[sound:332843.mp3]
èšæœƒ|jÃ¹huÃ¬|"<i style=""color: #9F8170;"">n.</i> get-together<br><i style=""color: #9F8170;"" >v.</i> (-//-) get together; meet<br>"|<details><summary><big>ä»–å€‘æ¯éš”å…©å€‹æœˆæä¸€æ¬¡èšæœƒã€‚</big></summary><small>TÄmen mÄ›i gÃ© liÇng ge yuÃ¨ gÇo yÄ« cÃ¬ jÃ¹huÃ¬.<br></small>They have a get-together every two months. <br></details><br><br><details><summary><big>è€æˆ°å‹èšæœƒåœ¨ä¸€èµ·, æ ¼å¤–è¦ªç†±ã€‚</big></summary><small>LÇo zhÃ nyÇ’u jÃ¹huÃ¬ zÃ i yÄ«qÇ, gÃ©wÃ i qÄ«nrÃ¨.<br></small>When old comrades-in-arms get together, everyone has a good time.<br></details><br><br>|
é‚€è«‹|yÄoqÇng|"<i style=""color: #9F8170;"" >v.</i> invite; request"|<details><summary><big>é‚€è«‹ä»£è¡¨åœ˜ä¾†ä¸­åœ‹è¨ªå•</big></summary><small>YÄoqÇng dÃ ibiÇotuÃ¡n lÃ¡i ZhÅngguÃ³ fÇngwÃ¨n<br></small>invite a delegation to visit China<br></details><br><br><details><summary><big>æ‡‰ä¸­åœ‹æ”¿åºœçš„é‚€è«‹</big></summary><small>yÃ¬ng ZhÅngguÃ³ zhÃ¨ngfÇ” de yÄoqÇng<br></small>at the invitation of the Chinese government<br></details><br><br>|
ä¸å·§|bÃ¹qiÇo|"<i style=""color: #9F8170;"">adv.</i> unfortunately"|<details><summary><big>æˆ‘åˆ°é‚£å…’, ä¸å·§ä»–å‰›èµ°ã€‚</big></summary><small>WÇ’ dÃ o nÃ r, bÃ¹qiÇo tÄ gÄng zÇ’u.<br></small>As luck would have it, he had just left when I arrived.<br></details><br>|
æµªæ¼«|lÃ ngmÃ n|"<i style=""color: #9F8170;"">SV</i> romantic<br>unconventional; bohemian; abandoned; rakish; sluttish<br>unrealistic; impractical<br>"|<details><summary><big>æµªæ¼«æ°£æ°›</big></summary><small>lÃ ngmÃ n qÃ¬fÄ“n<br></small>air of romance<br></details><br><br><details><summary><big>æµªæ¼«çš„å¹½æœƒ</big></summary><small>lÃ ngmÃ n de yÅuhuÃ¬<br></small>romantic assignation<br></details><br><br><details><summary><big>ç¼ºä¹æµªæ¼«</big></summary><small>quÄ“fÃ¡ lÃ ngmÃ n<br></small>lacking in romance<br></details><br><br><details><summary><big>ç”Ÿæ´»å¾ˆæµªæ¼«</big></summary><small>shÄ“nghuÃ³ hÄ›n lÃ ngmÃ n<br></small>lead a loose life<br></details><br><br><details><summary><big>ä½ ä¹Ÿå¤ªæµªæ¼«äº†, å¯¦éš›é»å…’å§ã€‚</big></summary><small>nÇ yÄ› tÃ i lÃ ngmÃ n le, shÃ­jÃ¬ diÇnr ba.<br></small>You are daydreaming. Be realistic.<br></details><br><br>|
æµªæ¼«ä¸»ç¾©|lÃ ngmÃ nzhÇ”yÃ¬|"<i style=""color: #9F8170;"">n.</i> romanticism"|<details><summary><big>æµªæ¼«ä¸»ç¾©è©©æ­Œ</big></summary><small>lÃ ngmÃ nzhÇ”yÃ¬ shÄ«gÄ“<br></small>romantic poetry<br></details><br><br><details><summary><big>æµªæ¼«ä¸»ç¾©ä½œå®¶</big></summary><small>lÃ ngmÃ nzhÇ”yÃ¬ zuÃ²jiÄ<br></small>romantic writer<br></details><br><br><details><summary><big>æµªæ¼«ä¸»ç¾©è©©äºº</big></summary><small>lÃ ngmÃ nzhÇ”yÃ¬ shÄ«rÃ©n<br></small>romantic poet<br></details><br><br><details><summary><big>æµªæ¼«ä¸»ç¾©è‰²å½©æ¿ƒåš</big></summary><small>lÃ ngmÃ nzhÇ”yÃ¬ sÃ¨cÇi nÃ³nghÃ²u<br></small>contain a strong element of romanticism<br></details><br><br>|
è©¦è‘—|shÃ¬zhe|"<i style=""color: #9F8170;"">(coll.)</i> to try to <br>æˆ‘ä¾†è©¦è‘—ç¾åœ¨å¤šå°‘æ‰“ä¸€é»<br>(Themenskizze)<br>"||
æª³æ¦”|bÄ«nglang|"<i style=""color: #9F8170;"">n.</i> areca; betel palm<br>(î«‘î«šî«˜æ¦”î«™î«æ¦”<br>lÃ¡ngî«’)<br>"||
é‡‹è¿¦|ShÃ¬jiÄ|"Sakya (name of a north Indian tribe)<br><div style=""color: #9F8170;"">abbr. for</div><br>î«‘î«˜é‡‹è¿¦ç‰Ÿå°¼î«™î§±î™¬î‹–î‘±î’²î«ShÃ¬jiÄmÃ³unÃ­î«’ [é‡‹è¿¦ç‰Ÿå°¼]<br>Sakyamuni Buddha<br>sugar apple<br>"||
é–€æŠŠ|mÃ©nbÇ|"<i style=""color: #9F8170;"">n.</i> door knob; door handle"||
æ’|chÄ|"<i style=""color: #9F8170;"" >v.</i> stick in; insert<br>interpose; insert; cut in<br>"|<details><summary><big>æ’ä¸Šé–€</big></summary><small>chÄshang mÃ©n<br></small>bolt the door<br></details><br><br><details><summary><big>æŠŠéŒ„éŸ³æ©Ÿçš„æ’é ­æ’ä¸Š</big></summary><small>bÇ lÃ¹yÄ«njÄ« de chÄtÃ³u chÄ shÃ ng<br></small>insert a recorderâ€™s plug in a socket; plug in the recorder<br></details><br><br><details><summary><big>æŠŠç´…æ——æ’ä¸Šé ‚å³°</big></summary><small>bÇ hÃ³ngqÃ­ chÄ shÃ ng dÇngfÄ“ng<br></small>plant the red flag on the summit<br></details><br><br><details><summary><big>æŠŠé›™æ‰‹æ’åœ¨å£è¢‹è£¡</big></summary><small>bÇ shuÄng shÇ’u chÄ zÃ i kÇ’udÃ i lÇ<br></small>put oneâ€™s hands in oneâ€™s pockets<br></details><br><br><details><summary><big>æŠŠé‘°åŒ™æ’å…¥é–ä¸­</big></summary><small>bÇ yÃ oshichÄ rÃ¹ suÇ’ zhÅng<br></small>insert a key in the lock<br></details><br><br><details><summary><big>å±±å³°é«˜æ’å…¥é›²ã€‚</big></summary><small>ShÄnfÄ“ng gÄo chÄrÃ¹ yÃºn.<br></small>The peaks pierce the clouds.<br></details><br><br><details><summary><big>â€œé€™ä¸€é»ä¸Šä½ éŒ¯äº†, â€å¥¹æ’äº†ä¸€å¥ã€‚</big></summary><small>â€œzhÃ¨ yÄ«diÇn shÃ ng nÇ cuÃ²le,â€ tÄ chÄ le yÄ« jÃ¹.<br></small>â€œYou are wrong there,â€ she cut in.<br></details><br><br><details><summary><big>ä»–èªªå€‹æ²’å®Œ, åˆ¥äººåŠå¥è©±ä¹Ÿæ’ä¸é€²ã€‚</big></summary><small>TÄ shuÅ ge mÃ©i wÃ¡n, biÃ©ren bÃ n jÃ¹ huÃ  yÄ› chÄ bÃ¹ jÃ¬n.<br></small>He talked endlessly and nobody could get a word in.<br></details><br><br>|<details><summary><big>è¿™æœ¬ä¹¦æœ‰å¾ˆå¤šæ’å›¾ã€‚</big></summary><small>zhÃ¨ bÄ›n shÅ« yÇ’u hÄ›n duÅ chÄtÃº.<br></small>This book contains many pictures.<br></details>[sound:334386.mp3]<br><br><details><summary><big>ä»–æ‹”æ‰äº†æ’å¤´ã€‚</big></summary><small>TÄ bÃ¡diÃ ole chÄtÃ³u.<br></small>He pulled out the plug.<br></details>[sound:tmpcshbrf.mp3]<br><br><details><summary><big>ä¸èƒ½æ’é˜Ÿã€‚</big></summary><small>BÃ¹ nÃ©ng chÄduÃ¬.<br></small>Don't cut in line.<br></details>[sound:tmpnal2kt.mp3]
å½±å­|yÇngzi|"<i style=""color: #9F8170;"">n.</i> shadow<br>reflection<br>trace; sign; vague impression<br>"|<details><summary><big>æ‰¾äº†ä»–åŠå¤©, é€£å€‹å½±å­ä¹Ÿæ²’è¦‹ã€‚</big></summary><small>ZhÇo le tÄ bÃ ntiÄn, liÃ¡n ge yÇngzi yÄ› mÃ©i jiÃ n.<br></small>I looked for him a long time but never even caught a glimpse of him.<br></details><br><br><details><summary><big>è«‡åˆ¤é€²è¡Œäº†å¾ˆä¹…, ä½†å•é¡Œçš„è§£æ±ºé‚„æ²’æœ‰å½±å­å‘¢ã€‚</big></summary><small>TÃ¡npÃ n jÃ¬nxÃ­ng le hÄ›n jiÇ”, dÃ n wÃ¨ntÃ­ de jiÄ›juÃ© hÃ¡i mÃ©iyÇ’u yÇngzi<br></small>ne. The talks have been going on for a long time, but there is no sign of a solution as yet.<br></details><br><br><details><summary><big>äº‹æƒ…å·²ç¶“éäº†å¥½å¤šå¹´, æˆ‘è…¦å­è£¡é€£é»å…’å½±å­éƒ½æ²’æœ‰äº†ã€‚</big></summary><small>shÃ¬qing yÇjing guÃ² le hÇo duÅ niÃ¡n, wÇ’ nÇozi lÇ liÃ¡n diÇnryÇngzi dÅu mÃ©iyÇ’u le.<br></small>It happened so long ago that I havenâ€™t the vaguest recollection of it.<br></details><br><br>|<details><summary><big>å¥¹çš„å½±å­å°åœ¨æ²™æ»©ä¸Šã€‚</big></summary><small>TÄ de yÇngzi yÃ¬n zÃ i shÄtÄn shÃ ng.<br></small>Her shadow stretched out across the beach.<br></details>[sound:tmpke8zeu.mp3]
æ‘èŠ|cÅ«nzhuÄng|"<i style=""color: #9F8170;"">n.</i> village; hamlet"|<details><summary><big>æ‘èŠå°å­¸</big></summary><small>cÅ«nzhuÄng xiÇoxuÃ©<br></small>village school<br></details><br>|
å¤§é™¸å¦¹|dÃ lÃ¹mÃ¨i|"(in Taiwan, Hong Kong or Macao) girl from the mainland<br><i style=""color: #9F8170;"">(TW)</i> Fushan lettuce<br>î«‘î«˜ç¦å±±èµè‹£î«™î§±î‡±î™†î£îŒ†î«FÃºshÄnwÅjÃ¹î«’ [ç¦å±±èµè‹£]<br>"||
é˜¿å©†|ÄpÃ³|"<i style=""color: #9F8170;"">n.</i> dialect<br>grandma<br>husband's mother; mother-in-law<br>term of respect for any elderly woman<br>"||
é˜¿å…¬|ÄgÅng|"<i style=""color: #9F8170;"">n.</i> dialect<br>grandpa; granddad<br>husband's father; father-in-law<br>term of respect for any elderly man<br>"||
æ­¦æ¼¢|WÇ”hÃ n|Wuhan (capital of Hubei Province; collective name for Wuchang<br>æ­¦æ˜Œ,<br> Hankou<br>æ¼¢å£,<br> and Hanyang<br>æ¼¢é™½,<br> three closely linked municipalities)<br>||
è©²æ­»|gÄisÇ|"colloquial<br><i style=""color: #9F8170;"">SV</i> [expressing one's dislike or anger]<br>"|<details><summary><big>é€™è©²æ­»çš„å¤©æ°£ï¼</big></summary><small>zhÃ¨ gÄisÇ de tiÄnqÃ¬!<br></small>What wretched weather! interjection damn; damn it<br></details><br><br><details><summary><big>è©²æ­»ï¼ æˆ‘åˆå¿˜äº†å¸¶é‘°åŒ™äº†ã€‚</big></summary><small>GÄisÇ! WÇ’ yÃ²u wÃ ng le dÃ i yÃ oshi le.<br></small>Damn it! Iâ€™ve forgotten my keys again.<br></details><br><br>|
æ“”æ“”éºµ|dÃ ndanmiÃ n|"<i style=""color: #9F8170;"">n.</i> dialect street vendor's noodles (a special Sichuan snack, often with spicy flavour)"||
è¨»å†Š|zhÃ¹//cÃ¨|"<i style=""color: #9F8170;"" >v.</i> register<br>computing log in (a computer system)<br>"||
æ“¯æ£„|bÃ¬nqÃ¬|"<i style=""color: #9F8170;"" >v.</i> abandon; discard; cast away"|<details><summary><big>æ“¯æ£„é™³èˆŠçš„é“å¾·è§€å¿µ</big></summary><small>bÃ¬nqÃ¬ chÃ©njiÃ¹ de dÃ odÃ© guÄnniÃ n<br></small>cast away outdated moral values<br></details><br>|
ç¬‘é€é¡é–‹|xiÃ ozhÃº-yÃ¡nkÄi|"<i style=""color: #9F8170;"">IE</i> beam with smiles; one's face wreathed in smiles"|<details><summary><big>å¼µå¤ªå¤ªä¸ç”±å¾—ç¬‘é€é¡é–‹ã€‚</big></summary><small>ZhÄng tÃ itai bÃ¹yÃ³ude xiÃ ozhÃºyÃ¡nkÄi.<br></small>Mrs. Zhang couldnâ€™t restrain a smile of joy.<br></details><br>|
ä¸­ç­‹éºµç²‰|zhÅngjÄ«nmiÃ nfÄ›n|all-purpose flour<br>flour for making dumplings and noodles<br>||
æ¶ˆè²»|xiÄofÃ¨i|"<i style=""color: #9F8170;"" >v.</i> consume"|<details><summary><big>æ¶ˆè²»ä¸è¶³</big></summary><small>xiÄofÃ¨i bÃ¹zÃº<br></small>underconsumption; inadequate consumption<br></details><br><br><details><summary><big>æ¶ˆè²»é«˜æ¼²</big></summary><small>xiÄofÃ¨i gÄozhÇng<br></small>spending boom; consumption boom<br></details><br><br><details><summary><big>å®¶åº­æ¶ˆè²»</big></summary><small>jiÄtÃ­ng xiÄofÃ¨i<br></small>household consumption<br></details><br><br><details><summary><big>é«˜æ¶ˆè²»ç¶“æ¿Ÿ</big></summary><small>GÄo xiÄofÃ¨i jÄ«ngjÃ¬<br></small>high consumption economy<br></details><br><br><details><summary><big>äººå‡æ¶ˆè²»é‡</big></summary><small>rÃ©njÅ«n xiÄofÃ¨i liÃ ng<br></small>per capita consumption<br></details><br><br><details><summary><big>æ˜æ˜ç™½ç™½æ¶ˆè²»</big></summary><small>mÃ­ngmÃ­ngbÃ¡ibÃ¡i xiÄofÃ¨i<br></small>transparent consumption<br></details><br><br><details><summary><big>åŸå¸‚å»ºè¨­æ¶ˆè²»å¤§é‡ç‰©è³‡ã€‚</big></summary><small>ChÃ©ngshÃ¬ jiÃ nshÃ¨ xiÄofÃ¨i dÃ liÃ ng wÃ¹zÄ«.<br></small>Urban construction consumes large stocks of material resources.<br></details><br><br>|
ç‘å…¸|RuÃ¬diÇn|Sweden||
å¡ç¿å¤±é¦¬ç„‰çŸ¥éç¦|sÃ iwÄ“ngshÄ«mÇyÄnzhÄ«fÄ“ifÃº|the old man lost his mare, but it all turned out for the best (idiom); fig. a blessing in disguise<br>it's an ill wind that blows nobody any good<br>||
å¡ç¿å¤±é¦¬|sÃ iwÄ“ng-shÄ«mÇ|"<i style=""color: #9F8170;"">IE</i> the old frontiersman losing his horseâ€”a blessing in disguise<br>Zi<br>(ã€Šæ·®å—å­ã€‹)<br>about the old frontiersman whose strayed horse returned to its master accompanied by a better horse) or No great loss without some gain.<br>"|<details><summary><big>å¡ç¿å¤±é¦¬, å®‰çŸ¥éç¦ï¼Ÿ</big></summary><small>SÃ iwÄ“ngshÄ«mÇ, ÄnzhÄ«fÄ“ifÃºï¼Ÿ<br></small>Just like the old frontiersman losing his horse, who knows but that this may be a blessing in disguise? (a common remark on a seeming piece of bad luck; from the parable in the Huai<br></details><br>|
å¸å¡µå™¨|xÄ«chÃ©nqÃ¬|"<i style=""color: #9F8170;"">n.</i> dust catcher; vacuum cleaner"|<details><summary><big>ç”¨å¸å¡µå™¨å¸åœ°</big></summary><small>yÃ²ng xÄ«chÃ©nqÃ¬ xÄ« de<br></small>clean the floor with a vacuum cleaner; vacuum<br></details><br>|
ç´—çª—|shÄchuÄng|"<i style=""color: #9F8170;"">n.</i> screen window; screen"||
åŠˆè…¿|pÇtuÇ|"to do the splits (gymnastics)<br><i style=""color: #9F8170;"">(TW)</i> two-timing (in romantic relationships)<br>Taiwan pr.<br>[pÄ«tuÇ]<br>"||
æ¸£ç”·|zhÄnÃ¡n|"<i style=""color: #9F8170;"">(coll.)</i> jerk<br>scumbag (esp. in romantic relationships)<br>"||
æµ·ç‹|HÇiwÃ¡ng|"Poseidon, Greek god of the sea<br>Neptune, Roman god of the sea<br>Aquaman, DC comic book superhero<br><i style=""color: #9F8170;"">(slang)</i> womanizer<br>player<br>"||
çœ©|xuÃ n|"<i style=""color: #9F8170;"">SV</i> dizzy; giddy<br><i style=""color: #9F8170;"" >v.</i> be dazzled; be bewildered<br>"|<details><summary><big>é ­æšˆç›®çœ©</big></summary><small>tÃ³uyÅ«nmÃ¹xuÃ n<br></small>feel dizzy <br></details><br><br><details><summary><big>çœ©æ–¼ååˆ©</big></summary><small>xuÃ n yÃº mÃ­nglÃ¬<br></small>dazzled by the prospect of fame and wealth; obsessed with a desire for fame and wealth<br></details><br><br>|
æšˆçœ©|yÅ«nxuÃ n|"<i style=""color: #9F8170;"" >v.</i> feel dizzy<br>medicine vertigo<br>"|<details><summary><big>ä¸€é™£çœ©æšˆ</big></summary><small>yÄ«zhÃ¨n xuÃ nyÃ¹n<br></small>a fit of dizziness<br></details><br>|
æ‰è¯|cÃ¡ihuÃ¡|"<i style=""color: #9F8170;"">n.</i> literary (or artistic) talent"|<details><summary><big>æœ‰æ‰è¯çš„é’å¹´ä½œå®¶</big></summary><small>YÇ’u cÃ¡ihuÃ¡ de qÄ«ngniÃ¡n zuÃ²jiÄ<br></small>gifted young writer<br></details><br>|
é¨™å­|piÃ nzi|"<i style=""color: #9F8170;"">n.</i> impostor; cheat; trickster"|<details><summary><big>æ”¿æ²»é¨™å­</big></summary><small>zhÃ¨ngzhÃ¬ piÃ nzi<br></small>political swindler; political hoaxer<br></details><br>|
ç©ºç™½|kÃ²ngbÃ¡i|"<i style=""color: #9F8170;"">n.</i> margin; gap; blank space"|<details><summary><big>ç©ºç™½ç´™</big></summary><small>kÃ²ng bÃ¡i zhÇ<br></small>blank paper<br></details><br><br><details><summary><big>ç©ºç™½ç”³è«‹æ›¸</big></summary><small>kÃ²ngbÃ¡i shÄ“nqÇngshÅ«<br></small>application blank<br></details><br><br><details><summary><big>æ”¿æ¬Šç©ºç™½æœŸ</big></summary><small>zhÃ¨ngquÃ¡n kÃ²ngbÃ¡i qÄ«<br></small>interregnum<br></details><br><br><details><summary><big>å¡«è£œç§‘æŠ€ç©ºç™½</big></summary><small>tiÃ¡nbÇ” kÄ“jÃ¬ kÃ²ngbÃ¡i<br></small>fill the gaps in science and technology<br></details><br><br><details><summary><big>æˆ‘çš„è…¦å­ä¸€ç‰‡ç©ºç™½ã€‚</big></summary><small>wÇ’ de nÇozi yÄ« piÃ n kÃ²ngbÃ¡i.<br></small>My mind was a complete blank.<br></details><br><br>|
ç´™|zhÇ|"<i style=""color: #9F8170;"">n.</i> paper"|<details><summary><big>ä¸€å¼µç´™</big></summary><small>yÄ« zhÄng zhÇ<br></small>a piece (or sheet) of paper<br></details><br><br><details><summary><big>ï¼¡ï¼”ç´™</big></summary><small>Ã€ zhÇ<br></small>A4 paper measure word literary [for letters, documents, etc.]<br></details><br><br><details><summary><big>ä¸€ç´™å…¬æ–‡</big></summary><small>yÄ« zhÇ gÅngwÃ©n<br></small>a document<br></details><br><br><details><summary><big>å–®æ“šä¸‰ç´™</big></summary><small>dÄnjÃ¹ sÄn zhÇ<br></small>three bills<br></details><br><br>|
ç°½|qiÄn|"<i style=""color: #9F8170;"" >v.</i> sign; autograph<br>make brief comments on a document<br><i style=""color: #9F8170;"">n.</i> bamboo slips used for divination or drawing lots<br>label; sticker<br>slender pointed piece of bamboo or wood<br><i style=""color: #9F8170;"" >v.</i><br>(of sewing) tack<br>"|<details><summary><big>ç°½æ”¯ç¥¨</big></summary><small>qiÄn zhÄ«piÃ o<br></small>sign a cheque<br></details><br><br><details><summary><big>çœ‹å®Œè«‹ç°½å€‹æ„è¦‹ã€‚</big></summary><small>KÃ n wÃ¡n qÇng qiÄn ge yÃ¬jian.<br></small>After youâ€™ve read it, please write down a few brief comments. <br></details><br><br><details><summary><big>æŠ½ç°½</big></summary><small>chÅuqiÄn<br></small>draw (or cast) lots<br></details><br><br><details><summary><big>æ¨™ç°½</big></summary><small>biÄoqiÄn<br></small>label; tag<br></details><br><br><details><summary><big>ç‰™ç°½</big></summary><small>yÃ¡qiÄn<br></small>toothpick <br></details><br><br><details><summary><big>æŠŠè¢–å£ç°½ä¸Š</big></summary><small>BÇ xiÃ¹kÇ’u qiÄn shÃ ng<br></small>tack on a cuff<br></details><br><br>|
æ·¹æ²’|yÄnmÃ²|"<i style=""color: #9F8170;"" >v.</i> submerge; flood (out); inundate; drown; swamp; deluge; swallow (up)"|<details><summary><big>è¢«æ·¹æ²’çš„ç”°åœ°</big></summary><small>BÃ¨i yÄnmÃ² de tiÃ¡ndÃ¬<br></small>inundated fields<br></details><br><br><details><summary><big>æ²³è£¡æ¼²æ°´, æ·¹æ²’äº†å°æ©‹ã€‚</big></summary><small>HÃ© lÇ zhÇngshuÇ, yÄnmÃ² le xiÇoqiÃ¡o.<br></small>The river flooded and submerged the small bridge.<br></details><br><br><details><summary><big>ä»–çš„è¬›è©±è¢«æ­¡å‘¼è²æ·¹æ²’äº†ã€‚</big></summary><small>TÄ de jiÇnghuÃ  bÃ¨i huÄnhÅ«shÄ“ng yÄnmÃ² le.<br></small>His speech was drowned out by cheers.<br></details><br><br>|
æ²‰é»˜|chÃ©nmÃ²|"<i style=""color: #9F8170;"">SV</i> reticent; taciturn; uncommunicative<br><i style=""color: #9F8170;"" >v.</i> be silent<br>"|<details><summary><big>æ²‰é»˜çš„å¤§å¤šæ•¸</big></summary><small>chÃ©nmÃ² de dÃ duÅshÃ¹<br></small>the silent majority<br></details><br><br><details><summary><big>å¾æ­¤, ä»–è®Šå¾—æ›´æ²‰é»˜äº†ã€‚</big></summary><small>CÃ³ngcÇ, tÄ biÃ n de gÃ¨ng chÃ©nmÃ² le.<br></small>He has become even more reticent since then. <br></details><br><br><details><summary><big>ä¿æŒæ²‰é»˜</big></summary><small>bÇochÃ­ chÃ©nmÃ²<br></small>remain silent<br></details><br><br><details><summary><big>æ²‰é»˜æ˜¯é‡‘ã€‚</big></summary><small>chÃ©nmÃ² shÃ¬ jÄ«n.<br></small>Silence is golden.<br></details><br><br><details><summary><big>ä»–æ²‰é»˜äº†ä¸€æœƒå…’åˆç¹¼çºŒèªªä¸‹å»ã€‚</big></summary><small>TÄ chÃ©nmÃ² le yÄ«huÃ¬r yÃ²u jÃ¬xÃ¹ shuÅ xiÃ qu.<br></small>After a momentâ€™s silence he went on.<br></details><br><br>|<details><summary><big>æˆ‘ä»¬ä¿æŒäº†æ²‰é»˜ã€‚</big></summary><small>wÇ’men bÇochÃ­ le chÃ©nmÃ².<br></small>We kept silent.<br></details>[sound:334263.mp3]<br><br><details><summary><big>ä»–è¿™ä¸ªäººå¾ˆæ²‰é»˜ã€‚</big></summary><small>TÄ zhÃ¨ gÃ¨ rÃ©n hÄ›n chÃ©nmÃ².<br></small>This guy is very silent/taciturn.<br></details>[sound:tmpm82g1q.mp3]<br><br><details><summary><big>ä»–æ€»æ˜¯æ²‰é»˜å¯¡è¨€ã€‚</big></summary><small>TÄ zÇ’ngshÃ¬ chÃ©nmÃ²-guÇyÃ¡n.<br></small>He's always very silent and uncommunicative.<br></details>[sound:tmpco0k4m.mp3]
é˜²ç«|fÃ¡nghuÇ’|"<i style=""color: #9F8170;"" >v.</i> prevent fires <br><i style=""color: #9F8170;"">SV</i> fireproof<br>"||
å½Œè£œ|mÃ­bÇ”|"<i style=""color: #9F8170;"" >v.</i> make up; remedy; make good"|<details><summary><big>å½Œè£œä¸è¶³</big></summary><small>mÃ­bÇ” bÃ¹zÃº<br></small>make up for weaknesses; fill in the shortage<br></details><br><br><details><summary><big>å½Œè£œèµ¤å­—</big></summary><small>mÃ­bÇ” chÃ¬zÃ¬<br></small>make up (or meet) a deficit<br></details><br><br><details><summary><big>å½Œè£œéå¤±</big></summary><small>mÃ­bÇ” guÃ²shÄ«<br></small>remedy an error<br></details><br><br><details><summary><big>å½Œè£œè™§æ</big></summary><small>mÃ­bÇ” kuÄ«sÇ”n<br></small>cover the deficit<br></details><br><br><details><summary><big>å½Œè£œç¼ºé™·</big></summary><small>mÃ­bÇ” quÄ“xiÃ n<br></small>remedy a defect<br></details><br><br><details><summary><big>å½Œè£œæå¤±</big></summary><small>mÃ­bÇ” sÇ”nshÄ«<br></small>make up for (or make good) a loss<br></details><br><br><details><summary><big>å½Œè£œå¤±å»çš„æ™‚é–“</big></summary><small>mÃ­bÇ” shÄ«qÃ¹ de shÃ­jiÄn<br></small>make up for lost time<br></details><br><br><details><summary><big>ç„¡æ³•å½Œè£œçš„æå¤±</big></summary><small>wÃºfÇ mÃ­bÇ” de sÇ”nshÄ«<br></small>an irreparable loss<br></details><br><br>|
çŒœæƒ³|cÄixiÇng|"<i style=""color: #9F8170;"" >v.</i> suppose; guess; suspect<br><i style=""color: #9F8170;"">n.</i> supposition; conjecture<br>"|<details><summary><big>æˆ‘çŒœæƒ³ä»–ç—…äº†ã€‚</big></summary><small>WÇ’ cÄixiÇng tÄ bÃ¬ng le.<br></small>I think he is ill.<br></details><br><br><details><summary><big>æˆ‘çŒœæƒ³å¥¹åˆåˆ°å•†åº—å»äº†ã€‚</big></summary><small>WÇ’ cÄixiÇng tÄ yÃ²u dÃ o shÄngdiÃ n qÃ¹ le.<br></small>I suppose sheâ€™s gone shopping again. <br></details><br><br><details><summary><big>æ­Œå¾·å·´èµ«çŒœæƒ³</big></summary><small>GÄ“dÃ© bÄ hÃ¨ cÄixiÇng<br></small>Goldbach conjecture<br></details><br><br><details><summary><big>ä½ é€™ç¨®çŒœæƒ³ä¸ä¸€å®šæ­£ç¢ºã€‚</big></summary><small>NÇ zhÃ¨zhÇ’ng cÄixiÇng bÃ¹ yÄ«dÃ¬ng zhÃ¨ngquÃ¨.<br></small>Your guess might be wrong.<br></details><br><br>|<details><summary><big>æˆ‘çŒœæƒ³ä½ å¯èƒ½æ˜¯å¯¹çš„ã€‚</big></summary><small>wÇ’ cÄixiÇng nÇ kÄ›nÃ©ng shÃ¬ duÃ¬ de.<br></small>You could be right, I suppose.<br></details>[sound:332989.mp3]
ç¡æ„|shuÃ¬yÃ¬|"<i style=""color: #9F8170;"">n.</i> sleepiness; drowsiness"|<details><summary><big>æ¯«ç„¡ç¡æ„</big></summary><small>hÃ¡owÃº shuÃ¬yÃ¬<br></small>not sleepy at all<br></details><br><br><details><summary><big>æœ‰å¹¾åˆ†ç¡æ„</big></summary><small>yÇ’u jÇ fÄ“n shuÃ¬yÃ¬<br></small>feel somewhat sleepy; be drowsy<br></details><br><br>|
æ»‹é•·|zÄ«zhÇng|"<i style=""color: #9F8170;"" >v.</i> grow; develop"|<details><summary><big>æ»‹é•·å’Œå¹³éº»ç—¹æ€æƒ³</big></summary><small>zÄ«zhÇng hÃ©pÃ­ng mÃ¡bÃ¬ sÄ«xiÇng<br></small>engender a false sense of security<br></details><br><br><details><summary><big>é˜²æ­¢æ»‹é•·é©•å‚²è‡ªæ»¿æƒ…ç·’</big></summary><small>FÃ¡ngzhÇ zÄ«zhÇng jiÄo'Ã ozÃ¬mÇn qÃ­ngxÃ¹<br></small>guard against arrogance and complacency<br></details><br><br>|
èˆ‰æ­¢|jÇ”zhÇ|"<i style=""color: #9F8170;"">n.</i> bearing; manner; mien"|<details><summary><big>èˆ‰æ­¢å¤§æ–¹</big></summary><small>jÇ”zhÇdÃ fang<br></small>have a fine poise; have an easy manner; natural<br></details><br><br><details><summary><big>èˆ‰æ­¢èŠé‡</big></summary><small>jÇ”zhÇzhuÄngzhÃ²ng<br></small>in a dignified manner; carry oneself with dignity<br></details><br><br>|
è¡Œç‚º|xÃ­ngwÃ©i|"<i style=""color: #9F8170;"">n.</i> action; behaviour; conduct"|<details><summary><big>è¡Œç‚ºä¸ç«¯</big></summary><small>xÃ­ngwÃ©i bÃ¹duÄn<br></small>dishonourable behaviour; bad conduct<br></details><br><br><details><summary><big>ä¸æ³•çš„è¡Œç‚º</big></summary><small>bÃ¹fÇ de xÃ­ngwÃ©i<br></small>illegal act<br></details><br><br><details><summary><big>æ­£ç¾©çš„è¡Œç‚º</big></summary><small>zhÃ¨ngyÃ¬ de xÃ­ngwÃ©i<br></small>righteous action<br></details><br><br>|
æ­£å¸¸|zhÃ¨ngchÃ¡ng|"<i style=""color: #9F8170;"">SV</i> normal; regular"|<details><summary><big>æ­£å¸¸é«”æº«</big></summary><small>ZhÃ¨ngchÃ¡ng tÇwÄ“n<br></small>normal body temperature<br></details><br><br><details><summary><big>æ¢å¾©æ­£å¸¸</big></summary><small>huÄ«fÃ¹ zhÃ¨ngchÃ¡ng<br></small>return to normal<br></details><br><br><details><summary><big>éæ­£å¸¸çš„ç”Ÿæ´»</big></summary><small>guÃ² zhÃ¨ngchÃ¡ng de shÄ“nghuÃ³<br></small>lead a normal life<br></details><br><br><details><summary><big>å…©åœ‹é—œä¿‚æ­£å¸¸åŒ–</big></summary><small>liÇng guÃ³ guÄnxi zhÃ¨ngchÃ¡nghuÃ <br></small>normalization of relations between the two countries<br></details><br><br><details><summary><big>åœ¨æ­£å¸¸æƒ…æ³ä¸‹</big></summary><small>zÃ i zhÃ¨ngchÃ¡ng qÃ­ngkuÃ ng xiÃ <br></small>under normal conditions<br></details><br><br><details><summary><big>ç™¼å‹•æ©Ÿé‹è½‰æ­£å¸¸ã€‚</big></summary><small>fÄdÃ²ngjÄ« yÃ¹nzhuÃ n zhÃ¨ngchÃ¡ng,<br></small>The engine is functioning normally.<br></details><br><br><details><summary><big>ä½ å¤§ä¾¿æ­£å¸¸å—ï¼Ÿ</big></summary><small>NÇ dÃ biÃ n zhÃ¨ngchÃ¡ng<br></small>maï¼Ÿ Are your bowel movements regular?<br></details><br><br><details><summary><big>ä»–çš„è¡Œç‚ºæ¥µä¸æ­£å¸¸ã€‚</big></summary><small>TÄ de xÃ­ngwÃ©i jÃ­ bÃ¹ zhÃ¨ngchÃ¡ng.<br></small>His behaviour is very abnormal.<br><i>or </i> His behaviour is very irregular.<br></details><br><br><details><summary><big>å¥¹æœˆç¶“ä¸å¤ªæ­£å¸¸ã€‚</big></summary><small>TÄ yuÃ¨jÄ«ng bÃ¹ tÃ i zhÃ¨ngchÃ¡ng.<br></small>Her periods are not very regular.<br><i>or </i> She has irregular periods.<br></details><br><br>|<details><summary><big>ä½ çš„ä½“æ¸©å¾ˆæ­£å¸¸ã€‚</big></summary><small>NÇ de tÇwÄ“n hÄ›n zhÃ¨ngchÃ¡ng.<br></small>Your body temperature is very normal.<br></details>[sound:tmpma1s0z.mp3]<br><br><details><summary><big>æ‚¨çš„è„‰æå¾ˆæ­£å¸¸ã€‚</big></summary><small>NÃ­n de mÃ ibÃ³ hÄ›n zhÃ¨ngchÃ¡ng.<br></small>Your pulse is normal.<br></details>[sound:tmpp4bae4.mp3]<br><br><details><summary><big>ä½ çš„å¿ƒè·³å¾ˆæ­£å¸¸ã€‚</big></summary><small>NÇ de xÄ«ntiÃ o hÄ›n zhÃ¨ngchÃ¡ng.<br></small>Your heartbeat is quite normal.<br></details>[sound:tmppcvfcq.mp3]
è¸‰è¹Œ|liÃ ngqiÃ ng|"<i style=""color: #9F8170;"" >v.</i> stagger"|<details><summary><big>é†‰æ¼¢è¸‰è¸‰è¹Œè¹Œåœ°èµ°è‘—ã€‚</big></summary><small>zuÃ¬hÃ n liÃ ngliÃ ngqiÃ ngqiÃ ng de zÇ’u zhe.<br></small>The drunk man staggered along (the road).<br></details><br>|
ä½”æ“š|zhÃ njÃ¹|to occupy<br>to hold<br>||
ä¸”|qiÄ›|"<i style=""color: #9F8170;"">adv.</i> just; for the time being<br>dialect for a long time<br>even<br>both...and...<br>"|<details><summary><big>ä¸”ä¸èªªä¸­æ–‡æœŸåˆŠ, å¤–æ–‡æœŸåˆŠä¹Ÿè¨‚äº†ä¸å°‘ã€‚</big></summary><small>QiÄ›bÃ¹ shuÅ ZhÅngwÃ©n qÄ«kÄn, wÃ iwÃ©n qÄ«kÄn yÄ› dÃ¬ng le bÃ¹shÇo.<br></small>Lots of periodicals in foreign languages have been subscribed to, not to mention those in Chinese.<br></details><br><br><details><summary><big>ä½ ä¸”ç­‰ä¸€ä¸‹ã€‚</big></summary><small>NÇ qiÄ› dÄ›ng yÄ«xiÃ .<br></small>Just wait a little while.<br></details><br><br><details><summary><big>é€™äº‹ä¸”æ”¾ä¸€ä¸‹ã€‚</big></summary><small>ZhÃ¨ shÃ¬ qiÄ› fÃ ng yÄ«xiÃ .<br></small>Let the matter rest for the time being.<br></details><br><br><details><summary><big>ä»–ä¸”ä¾†ä¸äº†å‘¢ã€‚</big></summary><small>TÄ qiÄ› lÃ¡ibuliÇo<br></small>ne. Heâ€™s a long time coming.<br><i>or </i> Itâ€™ll be a while yet before he gets here.<br></details><br><br><details><summary><big>é€™ç¨®é‹¼ç­†ä¸”ä½¿å‘¢ã€‚</big></summary><small>ZhÃ¨zhÇ’ng gÄngbÇ qiÄ› shÇ<br></small>ne. These fountain pens last a long time. conjunction literary<br></details><br><br><details><summary><big>æ­»ä¸”ä¸æ‡¼, æ³å›°é›£ä¹ï¼</big></summary><small>SÇ qiÄ› bÃ¹ jÃ¹, kuÃ ng kÃ¹nnan hÅ«!<br></small>Even death holds no fears for us, to say nothing of difficulties.<br></details><br><br><details><summary><big>æ—¢é«˜ä¸”å¤§</big></summary><small>JÃ¬ gÄo qiÄ› dÃ <br></small>both tall and heavy set; both high and wide<br></details><br><br><details><summary><big>å¥¹å·¥ä½œæ—¢å¿«ä¸”å¥½ã€‚</big></summary><small>TÄ gÅngzuÃ² jÃ¬ kuÃ i qiÄ› hÇo.<br></small>She works quickly and well.<br></details><br><br>|<details><summary><big>å­¦ç”Ÿä»¬é€šå¸¸å¾ˆå®‰é™å¹¶ä¸”ä¸¾æ­¢æ–‡æ˜ã€‚</big></summary><small>XuÃ©shengmen tÅngchÃ¡ng hÄ›n ÄnjÃ¬ng bÃ¬ngqiÄ› jÇ”zhÇ wÃ©nmÃ­ng.<br></small>The students are usually quiet and well behaved.<br></details>[sound:R105-04.mp3]<br><br><details><summary><big>åŠå…¬å®¤å¾ˆå®½æ•ï¼Œå¹¶ä¸”å¾ˆæ˜äº®ã€‚</big></summary><small>BÃ ngÅngshÃ¬ hÄ›n kuÄnchang, bÃ¬ngqiÄ› hÄ›n mÃ­ngliÃ ng.<br></small>The office is very spacious and bright.<br></details>[sound:tmpprp_lg.mp3]<br><br><details><summary><big>æˆ‘ä»¬çš„ç”Ÿæ´»å¹³åº¸ä¸”å¿«ä¹ã€‚</big></summary><small>WÇ’men de shÄ“nghuÃ³ pÃ­ngyÅng qiÄ› kuÃ ilÃ¨.<br></small>We're living an ordinary but happy life.<br></details>[sound:tmpmo_n2h.mp3]
ç„¡å¯åšé|wÃºkÄ›-hÃ²ufÄ“i|"<i style=""color: #9F8170;"">IE</i> not altogether blameless, but forgivable"||
èª å¯¦|chÃ©ngshi|"<i style=""color: #9F8170;"">SV</i> honest"|<details><summary><big>èª å¯¦å¯é </big></summary><small>chÃ©ngshi kÄ›kÃ o<br></small>honest and dependable<br></details><br><br><details><summary><big>èª å¯¦å‹å‹•</big></summary><small>chÃ©ngshi lÃ¡odÃ²ng<br></small>honest work<br></details><br><br>|
è¨˜æ†¶é«”|jÃ¬yÃ¬tÇ|"<i style=""color: #9F8170;"">(TW)</i> (computer) memory"||
ç‹ä½|wÃ¡ngwÃ¨i|"<i style=""color: #9F8170;"">n.</i> throne; crown"|<details><summary><big>ç¹¼æ‰¿ç‹ä½</big></summary><small>jÃ¬chÃ©ng wÃ¡ngwÃ¨i<br></small>succeed to the throne<br></details><br>|<details><summary><big>ç‹ä½æ˜¯ä¸–è¢­çš„ã€‚</big></summary><small>WÃ¡ngwÃ¨i shÃ¬ shÃ¬xÃ­ de.<br></small>The throne is passed down from father to son.<br></details>[sound:tmptkksqc.mp3]
çµ•ä¸|juÃ©bÃ¹|in no way<br>not in the least<br>absolutely not<br>||
å¾Œé€€|hÃ²utuÃ¬|"<i style=""color: #9F8170;"" >v.</i> draw back; fall back; retreat"|<details><summary><big>ä¸»å‹•å¾Œé€€, ä»¥ä¾¿ä¿å­˜å¯¦åŠ›</big></summary><small>ZhÇ”dÃ²ng hÃ²utuÃ¬, yÇbiÃ n bÇocÃºn shÃ­lÃ¬<br></small>retreat on oneâ€™s own initiative to preserve oneâ€™s strength<br></details><br><br><details><summary><big>é‡åˆ°å›°é›£æ±ºä¸å¾Œé€€</big></summary><small>yÃ¹dÃ o kÃ¹nnan juÃ©bÃ¹ hÃ²utuÃ¬<br></small>never shrink from difficulties<br></details><br><br>|
å¯æ†|kÄ›liÃ¡n|"<i style=""color: #9F8170;"" >v.</i> have pity on; pity; show mercy<br><i style=""color: #9F8170;"">SV</i> pitiful; pitiable; pathetic<br>(of quantity or quality) meagre; wretched; miserable; pitiful<br>"|<details><summary><big>ä½ å¯æ†å¯æ†æˆ‘, å€Ÿæˆ‘é»å…’éŒ¢å§ã€‚</big></summary><small>nÇ kÄ›liÃ¡nkÄ›liÃ¡n wÇ’, jiÃ¨ wÇ’ diÇnr qiÃ¡n ba.<br></small>Have a heart and lend me some money.<br></details><br><br><details><summary><big>ä»–é€™æ˜¯è‡ªä½œè‡ªå—, æ²’äººå¯æ†ä»–ã€‚</big></summary><small>TÄ zhÃ¨ shÃ¬ zÃ¬ zuÃ² zÃ¬ shÃ²u, mÃ©i rÃ©n kÄ›liÃ¡n tÄ.<br></small>Nobody feels sorry for him; heâ€™sgot what he deserves. <br></details><br><br><details><summary><big>è£å‡ºä¸€ä»˜å¯æ†ç›¸</big></summary><small>ZhuÄng chÅ« yÄ« fÃ¹ kÄ›liÃ¡nxiÃ ng<br></small>put on a pitiable look<br></details><br><br><details><summary><big>ä»–ç«Ÿç„¶ç„¡çŸ¥åˆ°é€™æ¨£å¯æ†çš„ç¨‹åº¦ï¼</big></summary><small>TÄ jÃ¬ngrÃ¡n wÃºzhÄ« dÃ o zhÃ¨yÃ ng kÄ›liÃ¡n de chÃ©ngdu!<br></small>I never realized that he was so pitifully (or pathetically) ignorant.<br></details><br><br><details><summary><big>ä»–å€‘çµ¦ä»–çš„å·¥éŒ¢å°‘å¾—å¯æ†ã€‚</big></summary><small>TÄmen gÄ›i tÄ de gÅngqian shÇo de kÄ›liÃ¡n.<br></small>They paid him a meagre wage.<br></details><br><br>|
é›™çœ¼|shuÄngyÇn|the two eyes||
æŠ±|bÃ o|"<i style=""color: #9F8170;"" >v.</i> hold or carry in the arms; embrace; hug<br>have one's first child or grandchild<br>adopt (a child)<br>colloquial hang together<br>dialect (of shoes and clothes) fit<br>cherish; harbour<br><i style=""color: #9F8170;"" >v.</i><br>hatch (eggs); brood<br>"|<details><summary><big>æŠ±è‘—å°å­©å­</big></summary><small>bÃ o zhe xiÇohÃ¡izi<br></small>take a child in oneâ€™s arms<br></details><br><br><details><summary><big>ä¸è¦æŠ±ä½éŒ¯èª¤è§€é»ä¸æ”¾ã€‚</big></summary><small>BÃ¹yÃ o bÃ o zhÃ¹ cuÃ²wÃ¹ guÄndiÇn bÃ¹ fÃ ng.<br></small>Donâ€™t stick to your wrong views.<br></details><br><br><details><summary><big>å¥¹å¿«æŠ±å­«å­äº†ã€‚</big></summary><small>TÄ kuÃ i bÃ o sÅ«nzi le.<br></small>Sheâ€™ll soon be a grandmother.<br></details><br><br><details><summary><big>ä»–çš„å¥³å…’æ˜¯æŠ±(ä¾†)çš„ã€‚</big></summary><small>tÄ de nÇš'Ã©r shÃ¬ bÃ o de.<br></small>His daughter is adopted.<br></details><br><br><details><summary><big>æŠ±æˆä¸€åœ˜</big></summary><small>bÃ ochÃ©ngyÄ«tuÃ¡n<br></small>gang up; hang together<br></details><br><br><details><summary><big>é€™ä»¶ä¸Šè¡£æŠ±èº«å…’ã€‚</big></summary><small>ZhÃ¨ jiÃ n shÃ ngyÄ« bÃ o shÄ“nr.<br></small>This jacket fits well.<br></details><br><br><details><summary><big>æŠ±(æœ‰)å¾ˆå¤§å¸Œæœ›</big></summary><small>bÃ o hÄ›n dÃ  xÄ«wÃ ng<br></small>entertain high hopes<br></details><br><br><details><summary><big>æŠ±ä¸€ç·šå¸Œæœ›</big></summary><small>bÃ o yÄ« xiÃ n xÄ«wÃ ng<br></small>hope against hope<br></details><br><br><details><summary><big>æŠ±æ­£ç¢ºçš„æ…‹åº¦</big></summary><small>bÃ o zhÃ¨ngquÃ¨ de tÃ idu<br></small>adopt (or take) a correct attitude; have a good attitude<br></details><br><br><details><summary><big>æŠ±æœ€å¥½çš„å¸Œæœ›, ä½œæœ€å£çš„æ‰“ç®—</big></summary><small>bÃ o zuÃ¬hÇo de xÄ«wÃ ng, zuÃ² zuÃ¬huÃ i de dÇsuan<br></small>hope for the best, but prepare for the worst<br></details><br><br><details><summary><big>ä¸æŠ±å¹»æƒ³</big></summary><small>bÃ¹ bÃ o huÃ nxiÇng<br></small>cherish no illusions measure word armful of<br></details><br><br><details><summary><big>ä¸€æŠ±è‰</big></summary><small>yÄ« bÃ o cÇo<br></small>an armful of hay<br></details><br><br><details><summary><big>é€™æ£µæ¨¹æœ‰ä¸€æŠ±ç²—ã€‚</big></summary><small>zhÃ¨ kÄ“ shÃ¹ yÇ’u yÄ« bÃ o cÅ«.<br></small>You can just get your arms around this tree trunk. <br></details><br><br>|<details><summary><big>æˆ‘å¾ˆæŠ±æ­‰é‚£ä¹ˆæ™šå›å®¶ã€‚</big></summary><small>wÇ’ hÄ›n bÃ oqiÃ n nÃ me wÇn huÃ­jiÄ.<br></small>I'm very sorry I came home so late.<br></details>[sound:334785.mp3]<br><br><details><summary><big>ä»–ä¸€ç›´æŠ±æ€¨ä»–çš„æˆ¿é—´å¾ˆå°ã€‚</big></summary><small>tÄ yÄ«zhÃ­ bÃ oyuÃ n tÄ de fÃ¡ngjiÄn hÄ›n xiÇo.<br></small>He is always complaining of his room being small.<br></details>[sound:334727.mp3]<br><br><details><summary><big>ä»–ä»¬ç›¸äº’æ‹¥æŠ±ã€‚</big></summary><small>TÄmen xiÄnghÃ¹ yÅngbÃ o.<br></small>They hugged each other.<br></details>[sound:tmpb58r8q.mp3]
é»ƒæ˜|huÃ¡nghÅ«n|"<i style=""color: #9F8170;"">n.</i> dusk"||
é æ–¹|yuÇnfÄng|"<i style=""color: #9F8170;"">n.</i> distant place"|<details><summary><big>é æ–¹ä¾†å®¢</big></summary><small>yuÇnfÄng lÃ¡ikÃ¨<br></small>guest from afar<br></details><br><br><details><summary><big>é æ–¹çš„æ‘èŠ</big></summary><small>yuÇnfÄng de cÅ«nzhuÄng<br></small>distant village<br></details><br><br><details><summary><big>æœ‰æœ‹è‡ªé æ–¹ä¾†, ä¸äº¦æ¨‚ä¹ï¼Ÿ</big></summary><small>yÇ’u pÃ©ng zÃ¬ yuÇnfÄng lÃ¡i, bÃ¹yÃ¬lÃ¨hÅ«?<br></small>Isnâ€™t it a pleasure to have a friend from afar?<br></details><br><br>|
æƒ³æ³•|xiÇng//fÇ|"<i style=""color: #9F8170;"" >v.</i> think of a way; do what one can; try"|<details><summary><big>æƒ³æ³•çµ¦å¤§ä¼™å…’å¼„é»å…’æ°´å–å–ã€‚</big></summary><small>xiÇngfÇ gÄ›i dÃ huÇ’r nÃ²ng diÇnr shuÇ hÄ“ hÄ“.<br></small>Try to get some water for everyone.<br></details><br>|<details><summary><big>ä»–ä»¬åœ¨äº¤æµå½¼æ­¤çš„æƒ³æ³•ã€‚</big></summary><small>TÄmen zÃ i jiÄoliÃº bÇcÇ de xiÇngfÇ.<br></small>They are exchanging their views.<br></details>[sound:tmppxtlma.mp3]<br><br><details><summary><big>ç”µè„‘è®°å½•è¯æ˜äº†æˆ‘çš„æƒ³æ³•æ˜¯å¯¹çš„ã€‚</big></summary><small>DiÃ nnÇo jÃ¬lÃ¹ zhÃ¨ngmÃ­ngle wÇ’ de xiÇngfa shÃ¬ duÃ¬ de.<br></small>The computer records prove that my ideas were correct.<br></details>[sound:tmpomlzib.mp3]<br><br><details><summary><big>æ°‘æ„è°ƒæŸ¥çš„æ•°å­—åæ˜ äº†è€ç™¾å§“çš„æƒ³æ³•ã€‚</big></summary><small>MÃ­nyÃ¬ diÃ ochÃ¡ de shÃ¹zÃ¬ fÇnyÃ¬ng le lÇobÇixÃ¬ng de xiÇngfÇ.<br></small>Figures from the public opinion polls reflect the thoughts of ordinary people.<br></details>[sound:tmpsi4fr1.mp3]
ç›²é»|mÃ¡ngdiÇn|"<i style=""color: #9F8170;"">n.</i> physiology blind spot; scotoma<br>electronics blindness<br>figurative blind spot; unrecognized spot<br>"|<details><summary><big>æ³•å¾‹ä¸Šçš„ç›²é»</big></summary><small>fÇlÇœ shÃ ng demÃ¡ngdiÇn<br></small>lawâ€™s blind spot<br></details><br>|
å¥é»|jÃ¹diÇn|"<i style=""color: #9F8170;"">n.</i> full stop; period (ã€‚)(.)"||
çªç ´é»|tÅ«pÃ²diÇn|military breakthrough point; point of penetration||
çµ•ä½³|juÃ©jiÄ|"<i style=""color: #9F8170;"">SV</i> extremely good; ideal"|<details><summary><big>çµ•ä½³è¡¨æ¼”</big></summary><small>juÃ©jiÄ biÇoyÇn<br></small>excellent performance<br></details><br><br><details><summary><big>çµ•ä½³æ­æª”</big></summary><small>juÃ©jiÄ dÄdÃ ng<br></small>ideal partner<br></details><br><br>|
æ™‚æ©Ÿ|shÃ­jÄ«|"<i style=""color: #9F8170;"">n.</i> opportunity; opportune moment"|<details><summary><big>æ™‚æ©Ÿä¸€åˆ°</big></summary><small>shÃ­jÄ« yÄ« dÃ o<br></small>when the opportunity arises; at the opportune moment<br></details><br><br><details><summary><big>æ™‚æ©Ÿçš„é¸æ“‡</big></summary><small>shÃ­jÄ« de xuÇnzÃ©<br></small>choice of the right moment; timing<br></details><br><br><details><summary><big>ç­‰å¾…æ™‚æ©Ÿ</big></summary><small>dÄ›ngdÃ i shÃ­jÄ«<br></small>wait for an opportunity; bide oneâ€™s time<br></details><br><br><details><summary><big>éŒ¯éæœ€æœ‰åˆ©çš„æ™‚æ©Ÿ</big></summary><small>cuÃ²guÃ² zuÃ¬ yÇ’ulÃ¬ de shÃ­jÄ«<br></small>let slip a golden opportunity<br></details><br><br><details><summary><big>æŠ“ä½æ¯ä¸€å€‹å¯åˆ©ç”¨çš„æ™‚æ©Ÿ</big></summary><small>ZhuÄzhÃ¹ mÄ›i yÄ« ge kÄ› lÃ¬yÃ²ng deshÃ­jÄ«<br></small>seize (or take) every opportunity available<br></details><br><br><details><summary><big>æ™‚æ©Ÿå·²ç¶“æˆç†Ÿ, å¯ä»¥è¡Œå‹•äº†ã€‚</big></summary><small>shÃ­jÄ« yÇjing chÃ©ngshÃº, kÄ›yÇ xÃ­ngdÃ²ng le.<br></small>The time is ripe for action.<br></details><br><br>|
é€²å±•|jÃ¬nzhÇn|"<i style=""color: #9F8170;"" >v.</i> make progress; make headway"|<details><summary><big>é€²å±•ç¥é€Ÿ</big></summary><small>jÃ¬nzhÇn shÃ©nsÃ¹<br></small>advance at an amazing pace<br></details><br><br><details><summary><big>å·¥ç¨‹é€²å±•å¾ˆé †åˆ©ã€‚</big></summary><small>GÅngchÃ©ng jÃ¬nzhÇn hÄ›n shÃ¹nlÃ¬.<br></small>The project is making good progress.<br><i>or </i> Construction is proceeding smoothly.<br></details><br><br><details><summary><big>äº‹æƒ…é€²å±•å¦‚ä½•ï¼Ÿ</big></summary><small>ShÃ¬qing jÃ¬nzhÇn rÃºhÃ©ï¼Ÿ<br></small>How are things going?<br></details><br><br><details><summary><big>è«‡åˆ¤æ¯«ç„¡é€²å±•ã€‚</big></summary><small>TÃ¡npÃ n hÃ¡owÃº jÃ¬nzhÇn.<br></small>The talks have made no headway.<br><i>or </i> The talks are stalled.<br></details><br><br>|
æ–·|duÃ n|"<i style=""color: #9F8170;"" >v.</i> break; snap<br>break off; cut off; stop<br>give up; abstain from<br>sports stop; intercept<br>dry up <br><i style=""color: #9F8170;"" >v.</i><br>judge; decide<br><i style=""color: #9F8170;"">adv.</i> literary [usu. in the negative] absolutely; decidedly<br>"|<details><summary><big>å–€åš“ä¸€è², æ–·æˆå…©æˆª</big></summary><small>kÄchÄ yÄ« shÄ“ng, duÃ n chÃ©ng liÇngjiÃ©<br></small>break in two with a snap<br></details><br><br><details><summary><big>ä»–çµ¦å°æç´èª¿å¼¦çš„æ™‚å€™, ä¸€æ ¹å¼¦æ–·äº†ã€‚</big></summary><small>tÄ gÄ›i xiÇotÃ­qÃ­n tiÃ¡oxiÃ¡n de shÃ­hou, yÄ« gÄ“n xiÃ¡n duÃ n le.<br></small>When he was tuning his violin, one of the strings snapped.<br></details><br><br><details><summary><big>æ–·æ•µé€€è·¯</big></summary><small>duÃ n dÃ­ tuÃ¬lÃ¹<br></small>cut off the enemyâ€™s retreat<br></details><br><br><details><summary><big>èˆ‡æœ‹å‹çš„è¯ç¹«æ–·äº†</big></summary><small>yÇ” pÃ©ngyou de liÃ¡nxÃ¬ duÃ n le<br></small>lose contact with oneâ€™s friends<br></details><br><br><details><summary><big>æ–·ç…™</big></summary><small>duÃ nyÄn<br></small>give up (or quit) smoking<br></details><br><br><details><summary><big>è¨ºæ–·</big></summary><small>zhÄ›nduÃ n<br></small>diagnose <br></details><br><br><details><summary><big>æ–·ä¸å¯ä¿¡</big></summary><small>duÃ nbÃ¹kÄ›xÃ¬n<br></small>absolutely incredible; totally unbelievable<br></details><br><br><details><summary><big>æ–·ç„¡æ­¤ç†</big></summary><small>duÃ nwÃºcÇlÇ<br></small>absolutely untenable (or unreasonable)<br></details><br><br><details><summary><big>æ–·æ–·ä¸å¯æ¥å—</big></summary><small>duÃ nduÃ n bÃ¹kÄ› jiÄ“shÃ²u<br></small>utterly unacceptable<br></details><br><br>|
å¹¼ç¨š|yÃ²uzhÃ¬|"<i style=""color: #9F8170;"">SV</i> young<br>childish; puerile; naive<br>"|<details><summary><big>å¹¼ç¨šç„¡çŸ¥</big></summary><small>yÃ²uzhÃ¬wÃºzhÄ«<br></small>young and ignorant<br></details><br><br><details><summary><big>å¹¼ç¨šå¯ç¬‘</big></summary><small>yÃ²uzhÃ¬kÄ›xiÃ o<br></small>ridiculously childish<br></details><br><br><details><summary><big>å¹¼ç¨šçš„æƒ³æ³•</big></summary><small>yÃ²uzhÃ¬ de xiÇngfa<br></small>naive ideas<br></details><br><br>|<details><summary><big>å¥¹è¯´è¯å¹¼ç¨šã€‚</big></summary><small>tÄ shuÅhuÃ  yÃ²uzhÃ¬.<br></small>She talked childishly.<br></details>[sound:333734.mp3]<br><br><details><summary><big>æ˜¯ä½ è¯¥æ”¾å¼ƒä½ å¹¼ç¨šæ‰‹æ®µçš„æ—¶å€™äº†ã€‚</big></summary><small>shÃ¬ nÇ gÄi fÃ ngqÃ¬ nÇ yÃ²uzhÃ¬ shÇ’uduÃ n de shÃ­hou le.<br></small>It is time you left off your childish ways.<br></details>[sound:334827.mp3]<br><br><details><summary><big>æˆ‘çš„å„¿å­ä¸Šå¹¼ç¨šå›­äº†ã€‚</big></summary><small>WÇ’ de Ã©rzi shÃ ng yÃ²uzhÃ¬yuÃ¡n le.<br></small>My son is attending kindergarten now.<br></details>[sound:tmpqovse8.mp3]
å¿ƒéˆ|xÄ«nlÃ­ng|"<i style=""color: #9F8170;"">SV</i> clever; intelligent; quick-witted<br><i style=""color: #9F8170;"">n.</i> heart; soul; spirit<br>"|<details><summary><big>å¿ƒéˆæ‰‹å·§</big></summary><small>xÄ«nlÃ­ngshÇ’uqiÇo<br></small>clever and deft <br></details><br><br><details><summary><big>å¿ƒéˆç¾</big></summary><small>xÄ«nlÃ­ngmÄ›i<br></small>internal beauty; integrity<br></details><br><br><details><summary><big>å¿ƒéˆæ·±è™•</big></summary><small>xÄ«nlÃ­ng shÄ“nchÃ¹<br></small>deep in oneâ€™s heart<br></details><br><br><details><summary><big>åœ¨å¥¹å¹¼å°çš„å¿ƒéˆè£¡</big></summary><small>zÃ i tÄ yÃ²uxiÇo de xÄ«nlÃ­ng lÇ<br></small>in her childish heart<br></details><br><br>|
é™°è¬€|yÄ«nmÃ³u|"ä»–å€‘åœ¨éµçš®å±‹é ‚ä¸Šå¥”è·‘<br><br><i style=""color: #9F8170;"">n.</i> conspiracy; plot; scheme<br><i style=""color: #9F8170;"" >v.</i> conspire; plot; scheme<br>"|<details><summary><big>âˆ¼è©­è¨ˆ</big></summary><small>âˆ¼guÇjÃ¬<br></small>schemes and intrigues<br></details><br><br><details><summary><big>âˆ¼æ‰‹æ®µ</big></summary><small>âˆ¼ shÇ’uduÃ n<br></small>conspiratorial means<br></details><br><br><details><summary><big>è€âˆ¼</big></summary><small>shuÇ âˆ¼<br></small>play a plot<br></details><br><br><details><summary><big>å¤–äº¤âˆ¼</big></summary><small>wÃ ijiÄo âˆ¼<br></small>diplomatic intrigue <br></details><br><br><details><summary><big>âˆ¼ç¯¡æ¬Š</big></summary><small>âˆ¼ cuÃ nquÃ¡n<br></small>scheme to usurp power<br></details><br><br><details><summary><big>âˆ¼å¾©è¾Ÿ</big></summary><small>âˆ¼ fÃ¹bÃ¬<br></small>plot to restore the old order<br></details><br><br><details><summary><big>âˆ¼ç ´å£</big></summary><small>âˆ¼ pÃ²huÃ i<br></small>plot sabotage<br></details><br><br><details><summary><big>âˆ¼æ¨ç¿»æ”¿åºœ</big></summary><small>âˆ¼ tuÄ«fÄn zhÃ¨ngfÇ”<br></small>conspire to overthrow the government<br></details><br><br>|
è‡ªç”±è‡ªåœ¨|zÃ¬yÃ³u-zÃ¬zÃ i|"å¥½ä¸å®¹æ˜“<br><br><i style=""color: #9F8170;"">IE</i> leisurely and carefree; free and unrestrained<br>"|<details><summary><big>ç„¡äº‹ç‰½ç¸ˆ,</big></summary><small>âˆ¼ wÃº shÃ¬ qiÄn yÃ­ng, âˆ¼<br></small>lead a free and easy life without worries<br></details><br><br><details><summary><big>é‡ç”Ÿå‹•ç‰©âˆ¼åœ°ç”Ÿæ´»âˆ¼ç„¶ä¿è­·å€è£¡ã€‚</big></summary><small>YÄ›shÄ“ng dÃ²ngwÃ¹ âˆ¼ de shÄ“nghuÃ³ zÃ i zÃ¬rÃ¡n bÇohÃ¹qÅ« lÇ.<br></small>Wild animals roam unmolested in the nature reserve.<br></details><br><br>|
å»£|guÇng|"<i style=""color: #9F8170;"">SV</i> wide; broad; vast; extensive (opp.<br>numerous<br><i style=""color: #9F8170;"" >v.</i> literary expand; spread<br><i style=""color: #9F8170;"">n.</i> abbreviation Guangdong and Guangxi<br>(å»£è¥¿<br>is not abbreviated to<br>å»£<br>except in the old term<br>å…©å»£<br>â€œthe two Guangs, i. e. Guangdong and Guangxiâ€)<br>"|<details><summary><big>ç‹¹) å»£ç‚ºæµå‚³</big></summary><small>guÇng wÃ©i liÃºchuÃ¡n<br></small>spread extensively; widely known<br></details><br><br><details><summary><big>è¦‹è­˜å»£</big></summary><small>jiÃ n shÃ¬ guÇng<br></small>have extensive experience<br></details><br><br><details><summary><big>äº¤éŠå¾ˆå»£</big></summary><small>jiÄoyÃ³u hÄ›n guÇng<br></small>have a large circle of friends<br></details><br><br><details><summary><big>çŸ¥è­˜é¢å»£</big></summary><small>ZhÄ«shi miÃ n guÇng<br></small>have a wide range of knowledge; very knowledgeable<br></details><br><br><details><summary><big>å¥¹èˆˆè¶£ç›¸ç•¶å»£ã€‚</big></summary><small>TÄ xÃ¬ngqÃ¹ xiÄngdÄng guÇng.<br></small>Her interests are very broad.<br></details><br><br><details><summary><big>é€™æ”¯å°èª¿æµè¡Œå¾ˆå»£ã€‚</big></summary><small>ZhÃ¨ zhÄ« xiÇodiÃ o liÃºxÃ­ng hÄ›n guÇng.<br></small>This ditty is very popular.<br></details><br><br><details><summary><big>å¤§åº­å»£çœ¾</big></summary><small>dÃ tÃ­ngguÇngzhÃ²ng<br></small>before a big crowd <br></details><br><br><details><summary><big>ä»¥å»£æµå‚³</big></summary><small>YÇ guÇng liÃºchuÃ¡n<br></small>spread far and wide <br></details><br><br><details><summary><big>å»£è²¨</big></summary><small>GuÇnghuÃ²<br></small>Guangdong goods<br></details><br><br>|
